frequency_thz,phdos_modes_per_thz
-0.40000000,0.0000001225
-0.39201728,0.0000001681
-0.38403456,0.0000002291
-0.37605184,0.0000003103
-0.36806912,0.0000004176
-0.36008640,0.0000005585
-0.35210368,0.0000007421
-0.34412096,0.0000009799
-0.33613824,0.0000012855
-0.32815552,0.0000016758
-0.32017280,0.0000021708
-0.31219008,0.0000027940
-0.30420736,0.0000035733
-0.29622464,0.0000045410
-0.28824192,0.0000057341
-0.28025920,0.0000071947
-0.27227648,0.0000089700
-0.26429376,0.0000111122
-0.25631104,0.0000136787
-0.24832832,0.0000167309
-0.24034560,0.0000203342
-0.23236288,0.0000245566
-0.22438017,0.0000294674
-0.21639745,0.0000351356
-0.20841473,0.0000416280
-0.20043201,0.0000490067
-0.19244929,0.0000573269
-0.18446657,0.0000666337
-0.17648385,0.0000769595
-0.16850113,0.0000883208
-0.16051841,0.0001007154
-0.15253569,0.0001141199
-0.14455297,0.0001284871
-0.13657025,0.0001437442
-0.12858753,0.0001597914
-0.12060481,0.0001765018
-0.11262209,0.0001937212
-0.10463937,0.0002112700
-0.09665665,0.0002289449
-0.08867393,0.0002465226
-0.08069121,0.0002637636
-0.07270849,0.0002804178
-0.06472577,0.0002962298
-0.05674305,0.0003109456
-0.04876033,0.0003243192
-0.04077761,0.0003361193
-0.03279489,0.0003461359
-0.02481217,0.0003541869
-0.01682945,0.0003601229
-0.00884673,0.0003638325
-0.00086401,0.0003652454
0.00711871,0.0003643347
0.01510143,0.0003611178
0.02308415,0.0003556556
0.03106687,0.0003486476
0.03904959,0.0003392654
0.04703231,0.0003281342
0.05501503,0.0003154818
0.06299775,0.0003015651
0.07098047,0.0002866647
0.07896319,0.0002710798
0.08694591,0.0002551232
0.09492863,0.0002391163
0.10291135,0.0002233859
0.11089407,0.0002082607
0.11887678,0.0001940688
0.12685950,0.0001811373
0.13484222,0.0001697908
0.14282494,0.0001603525
0.15080766,0.0001531447
0.15879038,0.0001484898
0.16677310,0.0001467119
0.17475582,0.0001481371
0.18273854,0.0001530941
0.19072126,0.0001619133
0.19870398,0.0001753805
0.20668670,0.0001930802
0.21466942,0.0002156727
0.22265214,0.0002439202
0.23063486,0.0002773965
0.23861758,0.0003167022
0.24660030,0.0003620780
0.25458302,0.0004137145
0.26256574,0.0004717404
0.27054846,0.0005362104
0.27853118,0.0006070943
0.28651390,0.0006842674
0.29449662,0.0007675033
0.30247934,0.0008564690
0.31046206,0.0009507243
0.31844478,0.0010497246
0.32642750,0.0011528280
0.33441022,0.0012593074
0.34239294,0.0013683656
0.35037566,0.0014791557
0.35835838,0.0015908034
0.36634110,0.0017024324
0.37432382,0.0018131907
0.38230654,0.0019222765
0.39028926,0.0020289630
0.39827198,0.0021326199
0.40625470,0.0022327311
0.41423742,0.0023288373
0.42222014,0.0024208365
0.43020286,0.0025085059
0.43818558,0.0025920719
0.44616830,0.0026712529
0.45415102,0.0027466656
0.46213373,0.0028196532
0.47011645,0.0028882032
0.47809917,0.0029541242
0.48608189,0.0030170713
0.49406461,0.0030775714
0.50204733,0.0031357926
0.51003005,0.0031918086
0.51801277,0.0032455899
0.52599549,0.0032970037
0.53397821,0.0033458242
0.54196093,0.0033917526
0.54994365,0.0034354257
0.55792637,0.0034749035
0.56590909,0.0035106174
0.57389181,0.0035431368
0.58187453,0.0035712153
0.58985725,0.0035955871
0.59783997,0.0036167008
0.60582269,0.0036353010
0.61380541,0.0036524600
0.62178813,0.0036695959
0.62977085,0.0036884772
0.63775357,0.0037112106
0.64573629,0.0037402115
0.65371901,0.0037781587
0.66170173,0.0038279310
0.66968445,0.0038925308
0.67766717,0.0039749938
0.68564989,0.0040791053
0.69363261,0.0042063386
0.70161533,0.0043598243
0.70959805,0.0045417235
0.71758077,0.0047537162
0.72556349,0.0049969109
0.73354621,0.0052717680
0.74152893,0.0055780398
0.74951165,0.0059147309
0.75749437,0.0062800801
0.76547709,0.0066715649
0.77345981,0.0070859311
0.78144253,0.0075200864
0.78942525,0.0079684928
0.79740796,0.0084261302
0.80539068,0.0088878548
0.81337340,0.0093479881
0.82135612,0.0098007196
0.82933884,0.0102402463
0.83732156,0.0106612899
0.84530428,0.0110574654
0.85328700,0.0114250144
0.86126972,0.0117589720
0.86925244,0.0120555580
0.87723516,0.0123122119
0.88521788,0.0125258065
0.89320060,0.0126961753
0.90118332,0.0128211510
0.90916604,0.0129016297
0.91714876,0.0129386399
0.92513148,0.0129339793
0.93311420,0.0128909330
0.94109692,0.0128117563
0.94907964,0.0127001216
0.95706236,0.0125604876
0.96504508,0.0123981963
0.97302780,0.0122186116
0.98101052,0.0120243312
0.98899324,0.0118227048
0.99697596,0.0116173598
1.00495868,0.0114139858
1.01294140,0.0112171492
1.02092412,0.0110321517
1.02890684,0.0108629267
1.03688956,0.0107131770
1.04487228,0.0105872323
1.05285500,0.0104879267
1.06083772,0.0104181113
1.06882044,0.0103810044
1.07680316,0.0103774000
1.08478588,0.0104095409
1.09276860,0.0104787511
1.10075132,0.0105860147
1.10873404,0.0107319983
1.11671676,0.0109179398
1.12469948,0.0111432382
1.13268220,0.0114072137
1.14066491,0.0117100090
1.14864763,0.0120519408
1.15663035,0.0124306252
1.16461307,0.0128456378
1.17259579,0.0132965279
1.18057851,0.0137801132
1.18856123,0.0142950811
1.19654395,0.0148390923
1.20452667,0.0154101399
1.21250939,0.0160039144
1.22049211,0.0166173800
1.22847483,0.0172465443
1.23645755,0.0178869816
1.24444027,0.0185338552
1.25242299,0.0191818127
1.26040571,0.0198256646
1.26838843,0.0204594576
1.27637115,0.0210764840
1.28435387,0.0216743769
1.29233659,0.0222441321
1.30031931,0.0227822800
1.30830203,0.0232818328
1.31628475,0.0237397466
1.32426747,0.0241518726
1.33225019,0.0245147120
1.34023291,0.0248268537
1.34821563,0.0250873603
1.35619835,0.0252976069
1.36418107,0.0254561924
1.37216379,0.0255675551
1.38014651,0.0256364124
1.38812923,0.0256634036
1.39611195,0.0256546514
1.40409467,0.0256170717
1.41207739,0.0255562028
1.42006011,0.0254786533
1.42804283,0.0253912151
1.43602555,0.0253007027
1.44400827,0.0252141883
1.45199099,0.0251374735
1.45997371,0.0250769020
1.46795643,0.0250389182
1.47593915,0.0250272498
1.48392186,0.0250470482
1.49190458,0.0251022816
1.49988730,0.0251972829
1.50787002,0.0253337531
1.51585274,0.0255142412
1.52383546,0.0257422883
1.53181818,0.0260178896
1.53980090,0.0263402853
1.54778362,0.0267117751
1.55576634,0.0271305936
1.56374906,0.0275964215
1.57173178,0.0281076656
1.57971450,0.0286620298
1.58769722,0.0292564640
1.59567994,0.0298864781
1.60366266,0.0305488601
1.61164538,0.0312378716
1.61962810,0.0319463340
1.62761082,0.0326675049
1.63559354,0.0333936945
1.64357626,0.0341175300
1.65155898,0.0348305172
1.65954170,0.0355227054
1.66752442,0.0361859650
1.67550714,0.0368122650
1.68348986,0.0373970171
1.69147258,0.0379280927
1.69945530,0.0384031512
1.70743802,0.0388174421
1.71542074,0.0391682280
1.72340346,0.0394540425
1.73138618,0.0396752972
1.73936890,0.0398348374
1.74735162,0.0399365627
1.75533434,0.0399862732
1.76331706,0.0399869062
1.77129978,0.0399482342
1.77928250,0.0398774472
1.78726522,0.0397836658
1.79524794,0.0396776014
1.80323066,0.0395659395
1.81121338,0.0394604390
1.81919610,0.0393676493
1.82717881,0.0392932957
1.83516153,0.0392440674
1.84314425,0.0392261695
1.85112697,0.0392441700
1.85910969,0.0393016815
1.86709241,0.0394021512
1.87507513,0.0395463485
1.88305785,0.0397363171
1.89104057,0.0399738837
1.89902329,0.0402584415
1.90700601,0.0405907194
1.91498873,0.0409716754
1.92297145,0.0413991764
1.93095417,0.0418759590
1.93893689,0.0424008337
1.94691961,0.0429740321
1.95490233,0.0435975763
1.96288505,0.0442694790
1.97086777,0.0449912746
1.97885049,0.0457616070
1.98683321,0.0465787562
1.99481593,0.0474421962
2.00279865,0.0483515580
2.01078137,0.0492990452
2.01876409,0.0502809441
2.02674681,0.0512926038
2.03472953,0.0523280661
2.04271225,0.0533809643
2.05069497,0.0544410800
2.05867769,0.0555003144
2.06666041,0.0565500590
2.07464313,0.0575819125
2.08262585,0.0585863161
2.09060857,0.0595536313
2.09859129,0.0604754337
2.10657401,0.0613489611
2.11455673,0.0621628460
2.12253945,0.0629096975
2.13052217,0.0635893049
2.13850489,0.0641969526
2.14648761,0.0647311123
2.15447033,0.0651910884
2.16245305,0.0655765681
2.17043576,0.0658899886
2.17841848,0.0661356458
2.18640120,0.0663170398
2.19438392,0.0664379238
2.20236664,0.0665083518
2.21034936,0.0665339068
2.21833208,0.0665198705
2.22631480,0.0664760466
2.23429752,0.0664102749
2.24228024,0.0663318587
2.25026296,0.0662477050
2.25824568,0.0661692454
2.26622840,0.0661016989
2.27421112,0.0660557039
2.28219384,0.0660388410
2.29017656,0.0660582208
2.29815928,0.0661220921
2.30614200,0.0662354058
2.31412472,0.0664039066
2.32210744,0.0666349476
2.33009016,0.0669306966
2.33807288,0.0672955899
2.34605560,0.0677285799
2.35403832,0.0682313500
2.36202104,0.0688035085
2.37000376,0.0694420767
2.37798648,0.0701432920
2.38596920,0.0709014367
2.39395192,0.0717109546
2.40193464,0.0725651596
2.40991736,0.0734558081
2.41790008,0.0743751816
2.42588280,0.0753109818
2.43386552,0.0762554274
2.44184824,0.0771987519
2.44983096,0.0781362079
2.45781368,0.0790514944
2.46579640,0.0799417487
2.47377912,0.0808019799
2.48176184,0.0816237613
2.48974456,0.0824092200
2.49772728,0.0831486894
2.50570999,0.0838492512
2.51369271,0.0845094195
2.52167543,0.0851326759
2.52965815,0.0857232109
2.53764087,0.0862888152
2.54562359,0.0868363047
2.55360631,0.0873707655
2.56158903,0.0879011308
2.56957175,0.0884380942
2.57755447,0.0889893961
2.58553719,0.0895602909
2.59351991,0.0901568204
2.60150263,0.0907843179
2.60948535,0.0914464337
2.61746807,0.0921462816
2.62545079,0.0928872609
2.63343351,0.0936639454
2.64141623,0.0944819386
2.64939895,0.0953338368
2.65738167,0.0962158814
2.66536439,0.0971237551
2.67334711,0.0980499437
2.68132983,0.0989892862
2.68931255,0.0999362569
2.69729527,0.1008845290
2.70527799,0.1018269942
2.71326071,0.1027598074
2.72124343,0.1036771380
2.72922615,0.1045742810
2.73720887,0.1054491660
2.74519159,0.1062967768
2.75317431,0.1071200101
2.76115703,0.1079177194
2.76913975,0.1086907400
2.77712247,0.1094376615
2.78510519,0.1101635456
2.79308791,0.1108704013
2.80107063,0.1115609045
2.80905335,0.1122384464
2.81703607,0.1129069936
2.82501879,0.1135711710
2.83300151,0.1142374704
2.84098423,0.1149062111
2.84896694,0.1155792928
2.85694966,0.1162629155
2.86493238,0.1169597148
2.87291510,0.1176693474
2.88089782,0.1183951682
2.88888054,0.1191336397
2.89686326,0.1198938210
2.90484598,0.1206661200
2.91282870,0.1214547916
2.92081142,0.1222558101
2.92879414,0.1230690080
2.93677686,0.1238954695
2.94475958,0.1247319115
2.95274230,0.1255752311
2.96072502,0.1264239358
2.96870774,0.1272755558
2.97669046,0.1281327753
2.98467318,0.1289891646
2.99265590,0.1298422197
3.00063862,0.1306947613
3.00862134,0.1315419902
3.01660406,0.1323886023
3.02458678,0.1332300464
3.03256950,0.1340638942
3.04055222,0.1348900138
3.04853494,0.1357110989
3.05651766,0.1365232965
3.06450038,0.1373276104
3.07248310,0.1381216345
3.08046582,0.1389095596
3.08844854,0.1396863403
3.09643126,0.1404527427
3.10441398,0.1412115275
3.11239670,0.1419590920
3.12037942,0.1427000342
3.12836214,0.1434357537
3.13634486,0.1441652916
3.14432758,0.1448963074
3.15231030,0.1456300450
3.16029302,0.1463682352
3.16827574,0.1471232940
3.17625846,0.1478949307
3.18424118,0.1486931669
3.19222389,0.1495217438
3.20020661,0.1503894705
3.20818933,0.1513006730
3.21617205,0.1522658928
3.22415477,0.1532909434
3.23213749,0.1543778340
3.24012021,0.1555417744
3.24810293,0.1567770600
3.25608565,0.1580932596
3.26406837,0.1594894526
3.27205109,0.1609706834
3.28003381,0.1625337978
3.28801653,0.1641762170
3.29599925,0.1658943054
3.30398197,0.1676845605
3.31196469,0.1695361415
3.31994741,0.1714414532
3.32793013,0.1733912243
3.33591285,0.1753700605
3.34389557,0.1773664880
3.35187829,0.1793641140
3.35986101,0.1813465571
3.36784373,0.1833003418
3.37582645,0.1852068235
3.38380917,0.1870513514
3.39179189,0.1888226441
3.39977461,0.1905069184
3.40775733,0.1920902538
3.41574005,0.1935632376
3.42372277,0.1949201502
3.43170549,0.1961569498
3.43968821,0.1972690329
3.44767093,0.1982627320
3.45565365,0.1991419656
3.46363637,0.1999163091
3.47161909,0.2005977028
3.47960181,0.2011956942
3.48758453,0.2017275626
3.49556725,0.2022117458
3.50354997,0.2026647927
3.51153269,0.2031048972
3.51951541,0.2035557385
3.52749813,0.2040351690
3.53548084,0.2045636459
3.54346356,0.2051492974
3.55144628,0.2058162785
3.55942900,0.2065676318
3.56741172,0.2074156923
3.57539444,0.2083685558
3.58337716,0.2094232541
3.59135988,0.2105893815
3.59934260,0.2118648307
3.60732532,0.2132384542
3.61530804,0.2147084641
3.62329076,0.2162669640
3.63127348,0.2179058283
3.63925620,0.2196153190
3.64723892,0.2213843266
3.65522164,0.2232015787
3.66320436,0.2250591142
3.67118708,0.2269489263
3.67916980,0.2288613761
3.68715252,0.2307929714
3.69513524,0.2327374412
3.70311796,0.2346921720
3.71110068,0.2366451931
3.71908340,0.2386081138
3.72706612,0.2405756918
3.73504884,0.2425481463
3.74303156,0.2445309181
3.75101428,0.2465216641
3.75899700,0.2485233796
3.76697972,0.2505399494
3.77496244,0.2525718878
3.78294516,0.2546201868
3.79092788,0.2566809159
3.79891060,0.2587558962
3.80689332,0.2608452197
3.81487604,0.2629390990
3.82285876,0.2650446600
3.83084148,0.2671449813
3.83882420,0.2692480820
3.84680692,0.2713465666
3.85478964,0.2734346225
3.86277236,0.2755105762
3.87075508,0.2775695097
3.87873779,0.2796143457
3.88672051,0.2816457899
3.89470323,0.2836622578
3.90268595,0.2856650419
3.91066867,0.2876711282
3.91865139,0.2896762419
3.92663411,0.2916887385
3.93461683,0.2937161997
3.94259955,0.2957706518
3.95058227,0.2978574600
3.95856499,0.2999875859
3.96654771,0.3021698747
3.97453043,0.3044131960
3.98251315,0.3067211830
3.99049587,0.3090982647
3.99847859,0.3115508030
4.00646131,0.3140866289
4.01444403,0.3166974816
4.02242675,0.3193819750
4.03040947,0.3221421012
4.03839219,0.3249688766
4.04637491,0.3278640207
4.05435763,0.3308100861
4.06234035,0.3338095310
4.07032307,0.3368536274
4.07830579,0.3399303071
4.08628851,0.3430410226
4.09427123,0.3461731573
4.10225395,0.3493167813
4.11023667,0.3524762577
4.11821939,0.3556420671
4.12620211,0.3588215202
4.13418483,0.3620069815
4.14216755,0.3651893398
4.15015027,0.3683861124
4.15813299,0.3715881348
4.16611571,0.3748033373
4.17409843,0.3780364195
4.18208115,0.3813015973
4.19006387,0.3845985751
4.19804659,0.3879303693
4.20602931,0.3913144403
4.21401203,0.3947614450
4.22199474,0.3982758509
4.22997746,0.4018758223
4.23796018,0.4055688283
4.24594290,0.4093652757
4.25392562,0.4132799161
4.26190834,0.4173212952
4.26989106,0.4215081805
4.27787378,0.4258376868
4.28585650,0.4303172241
4.29383922,0.4349579044
4.30182194,0.4397626409
4.30980466,0.4447356502
4.31778738,0.4498709714
4.32577010,0.4551565106
4.33375282,0.4605910358
4.34173554,0.4661540166
4.34971826,0.4718319713
4.35770098,0.4776110941
4.36568370,0.4834690757
4.37366642,0.4893721624
4.38164914,0.4953009665
4.38963186,0.5012247674
4.39761458,0.5071151210
4.40559730,0.5129487190
4.41358002,0.5186809837
4.42156274,0.5242979107
4.42954546,0.5297729653
4.43752818,0.5350761023
4.44551090,0.5401862022
4.45349362,0.5450891531
4.46147634,0.5497701388
4.46945906,0.5542180202
4.47744178,0.5584235568
4.48542450,0.5623773697
4.49340722,0.5660857018
4.50138994,0.5695490329
4.50937266,0.5727677769
4.51735538,0.5757436491
4.52533810,0.5784987513
4.53332082,0.5810327745
4.54130354,0.5833516578
4.54928626,0.5854709546
4.55726897,0.5873973860
4.56525169,0.5891492091
4.57323441,0.5907333135
4.58121713,0.5921636838
4.58919985,0.5934469545
4.59718257,0.5945973893
4.60516529,0.5956254708
4.61314801,0.5965418652
4.62113073,0.5973529064
4.62911345,0.5980790343
4.63709617,0.5987183171
4.64507889,0.5992859697
4.65306161,0.5997992945
4.66104433,0.6002541917
4.66902705,0.6006727381
4.67700977,0.6010585076
4.68499249,0.6014242303
4.69297521,0.6017821554
4.70095793,0.6021324253
4.70894065,0.6024922849
4.71692337,0.6028724099
4.72490609,0.6032631614
4.73288881,0.6036873000
4.74087153,0.6041433712
4.74885425,0.6046344165
4.75683697,0.6051665275
4.76481969,0.6057401165
4.77280241,0.6063563500
4.78078513,0.6070155259
4.78876785,0.6077199387
4.79675057,0.6084672547
4.80473329,0.6092704791
4.81271601,0.6101108154
4.82069873,0.6109929823
4.82868145,0.6119246987
4.83666417,0.6129062671
4.84464689,0.6139287453
4.85262961,0.6149922239
4.86061233,0.6161019267
4.86859505,0.6172599816
4.87657777,0.6184595689
4.88456049,0.6197010894
4.89254321,0.6209781318
4.90052592,0.6222876357
4.90850864,0.6236241436
4.91649136,0.6249836263
4.92447408,0.6263584248
4.93245680,0.6277250088
4.94043952,0.6290856032
4.94842224,0.6304299593
4.95640496,0.6317509475
4.96438768,0.6330245034
4.97237040,0.6342358983
4.98035312,0.6353900046
4.98833584,0.6364706023
4.99631856,0.6374655543
5.00430128,0.6383792769
5.01228400,0.6392106764
5.02026672,0.6399545712
5.02824944,0.6406201356
5.03623216,0.6412247171
5.04421488,0.6417619682
5.05219760,0.6422507460
5.06018032,0.6427099114
5.06816304,0.6431529318
5.07614576,0.6435927342
5.08412848,0.6440396509
5.09211120,0.6445198148
5.10009392,0.6450457045
5.10807664,0.6456289927
5.11605936,0.6462668356
5.12404208,0.6469645664
5.13202480,0.6477298743
5.14000752,0.6485719089
5.14799024,0.6494670544
5.15597296,0.6504214193
5.16395568,0.6514277093
5.17193840,0.6524561697
5.17992112,0.6535087736
5.18790384,0.6545627854
5.19588656,0.6556157225
5.20386928,0.6566534965
5.21185200,0.6576689385
5.21983472,0.6586337759
5.22781744,0.6595530215
5.23580016,0.6604167206
5.24378287,0.6612137663
5.25176559,0.6619425924
5.25974831,0.6626124877
5.26773103,0.6632109857
5.27571375,0.6637397746
5.28369647,0.6642061316
5.29167919,0.6646084496
5.29966191,0.6649515685
5.30764463,0.6652395111
5.31562735,0.6654804670
5.32361007,0.6656789920
5.33159279,0.6658500289
5.33957551,0.6659991886
5.34755823,0.6661391447
5.35554095,0.6662883395
5.36352367,0.6664484817
5.37150639,0.6666503561
5.37948911,0.6669120200
5.38747183,0.6672478276
5.39545455,0.6676641444
5.40343727,0.6682028648
5.41141999,0.6688671323
5.41940271,0.6696793814
5.42738543,0.6706472059
5.43536815,0.6717804811
5.44335087,0.6730762481
5.45133359,0.6745446913
5.45931631,0.6761747044
5.46729903,0.6779492765
5.47528175,0.6798572958
5.48326447,0.6818784271
5.49124719,0.6839805409
5.49922991,0.6861240946
5.50721263,0.6882784872
5.51519535,0.6904072633
5.52317807,0.6924779746
5.53116079,0.6944448800
5.53914351,0.6962880820
5.54712623,0.6979648021
5.55510895,0.6994530653
5.56309167,0.7007349006
5.57107439,0.7017920525
5.57905711,0.7026266865
5.58703982,0.7032355748
5.59502254,0.7036217451
5.60300526,0.7037949261
5.61098798,0.7037837780
5.61897070,0.7035988882
5.62695342,0.7032858413
5.63493614,0.7028614847
5.64291886,0.7023621823
5.65090158,0.7018173185
5.65888430,0.7012568376
5.66686702,0.7007218680
5.67484974,0.7002312280
5.68283246,0.6998116169
5.69081518,0.6994944786
5.69879790,0.6992873622
5.70678062,0.6992173205
5.71476334,0.6992873478
5.72274606,0.6995138358
5.73072878,0.6999015758
5.73871150,0.7004509724
5.74669422,0.7011599088
5.75467694,0.7020240171
5.76265966,0.7030410906
5.77064238,0.7041980830
5.77862510,0.7054922171
5.78660782,0.7069082274
5.79459054,0.7084204854
5.80257326,0.7100280846
5.81055598,0.7116920725
5.81853870,0.7134080809
5.82652142,0.7151450261
5.83450414,0.7168836825
5.84248686,0.7186011867
5.85046958,0.7202729925
5.85845230,0.7218812515
5.86643502,0.7234089565
5.87441774,0.7248337556
5.88240046,0.7261407992
5.89038318,0.7273301925
5.89836590,0.7283818541
5.90634862,0.7292857218
5.91433134,0.7300470263
5.92231406,0.7306708722
5.93029677,0.7311734569
5.93827949,0.7315537459
5.94626221,0.7318264173
5.95424493,0.7320183953
5.96222765,0.7321431775
5.97021037,0.7322264775
5.97819309,0.7322859259
5.98617581,0.7323553731
5.99415853,0.7324481287
6.00214125,0.7325880446
6.01012397,0.7327782476
6.01810669,0.7330395899
6.02608941,0.7333798377
6.03407213,0.7338075005
6.04205485,0.7343274106
6.05003757,0.7349254475
6.05802029,0.7355861023
6.06600301,0.7363012074
6.07398573,0.7370394328
6.08196845,0.7377733592
6.08995117,0.7384780416
6.09793389,0.7391135365
6.10591661,0.7396392975
6.11389933,0.7400207870
6.12188205,0.7402052372
6.12986477,0.7401458090
6.13784749,0.7398050597
6.14583021,0.7391332810
6.15381293,0.7380927894
6.16179565,0.7366398316
6.16977837,0.7347423552
6.17776109,0.7323770451
6.18574381,0.7295143300
6.19372653,0.7261274566
6.20170925,0.7222183306
6.20969197,0.7177912828
6.21767469,0.7128392199
6.22565741,0.7073815895
6.23364013,0.7014289600
6.24162285,0.6950219360
6.24960557,0.6881884663
6.25758829,0.6809710617
6.26557101,0.6734105722
6.27355372,0.6655665285
6.28153644,0.6574879956
6.28951916,0.6492280432
6.29750188,0.6408389486
6.30548460,0.6323872933
6.31346732,0.6239112136
6.32145004,0.6154760434
6.32943276,0.6071228837
6.33741548,0.5988872849
6.34539820,0.5908072652
6.35338092,0.5829202213
6.36136364,0.5752531400
6.36934636,0.5678195398
6.37732908,0.5606341802
6.38531180,0.5537098888
6.39329452,0.5470369697
6.40127724,0.5406258629
6.40925996,0.5344738997
6.41724268,0.5285766463
6.42522540,0.5229298054
6.43320812,0.5175204486
6.44119084,0.5123378397
6.44917356,0.5073845509
6.45715628,0.5026563560
6.46513900,0.4981563396
6.47312172,0.4938950415
6.48110444,0.4898564180
6.48908716,0.4860552353
6.49706988,0.4825013274
6.50505260,0.4792017937
6.51303532,0.4761801130
6.52101804,0.4734298239
6.52900076,0.4709686976
6.53698348,0.4687997788
6.54496620,0.4669251783
6.55294892,0.4653380402
6.56093164,0.4640474742
6.56891436,0.4630324184
6.57689708,0.4622835694
6.58487980,0.4617898315
6.59286252,0.4615186140
6.60084524,0.4614514313
6.60882795,0.4615637048
6.61681067,0.4618081242
6.62479339,0.4621639829
6.63277611,0.4626024499
6.64075883,0.4630832726
6.64874155,0.4635778304
6.65672427,0.4640577522
6.66470699,0.4644907563
6.67268971,0.4648589871
6.68067243,0.4651454308
6.68865515,0.4653297078
6.69663787,0.4654063413
6.70462059,0.4653634371
6.71260331,0.4651991747
6.72058603,0.4649213628
6.72856875,0.4645279697
6.73655147,0.4640271983
6.74453419,0.4634220625
6.75251691,0.4627368743
6.76049963,0.4619808517
6.76848235,0.4611624103
6.77646507,0.4602963757
6.78444779,0.4594035606
6.79243051,0.4584927533
6.80041323,0.4575783526
6.80839595,0.4566672633
6.81637867,0.4557771773
6.82436139,0.4549191230
6.83234411,0.4540972311
6.84032683,0.4533153618
6.84830955,0.4525786423
6.85629227,0.4518905060
6.86427499,0.4512406134
6.87225771,0.4506468028
6.88024043,0.4500887851
6.88822315,0.4495705425
6.89620587,0.4490795256
6.90418859,0.4486035179
6.91217131,0.4481437691
6.92015403,0.4476845929
6.92813675,0.4472142604
6.93611947,0.4467280104
6.94410219,0.4462179498
6.95208490,0.4456694306
6.96006762,0.4450802047
6.96805034,0.4444458374
6.97603306,0.4437616745
6.98401578,0.4430284777
6.99199850,0.4422356389
6.99998122,0.4413872048
7.00796394,0.4404916551
7.01594666,0.4395464887
7.02392938,0.4385557947
7.03191210,0.4375194853
7.03989482,0.4364461146
7.04787754,0.4353427357
7.05586026,0.4342037484
7.06384298,0.4330379757
7.07182570,0.4318446875
7.07980842,0.4306243088
7.08779114,0.4293799833
7.09577386,0.4281061633
7.10375658,0.4268109991
7.11173930,0.4254814146
7.11972202,0.4241241328
7.12770474,0.4227429035
7.13568746,0.4213235183
7.14367018,0.4198658131
7.15165290,0.4183721575
7.15963562,0.4168451493
7.16761834,0.4152722950
7.17560106,0.4136567401
7.18358378,0.4120070372
7.19156650,0.4103113382
7.19954922,0.4085754212
7.20753194,0.4068004962
7.21551466,0.4049893531
7.22349738,0.4031353475
7.23148010,0.4012334702
7.23946282,0.3992845314
7.24744554,0.3972904694
7.25542826,0.3952526982
7.26341098,0.3931669328
7.27139370,0.3910238280
7.27937642,0.3888254313
7.28735914,0.3865697585
7.29534185,0.3842633072
7.30332457,0.3818948448
7.31130729,0.3794727452
7.31929001,0.3770044330
7.32727273,0.3744845351
7.33525545,0.3719257940
7.34323817,0.3693252352
7.35122089,0.3666996079
7.35920361,0.3640676010
7.36718633,0.3614323694
7.37516905,0.3588223162
7.38315177,0.3562509860
7.39113449,0.3537439097
7.39911721,0.3513153224
7.40709993,0.3489877983
7.41508265,0.3468030361
7.42306537,0.3447830687
7.43104809,0.3429619079
7.43903081,0.3413746245
7.44701353,0.3400537722
7.45499625,0.3390282923
7.46297897,0.3383392580
7.47096169,0.3380232775
7.47894441,0.3381150266
7.48692713,0.3386541216
7.49490985,0.3396639984
7.50289257,0.3411874702
7.51087529,0.3432528380
7.51885801,0.3458952559
7.52684073,0.3491361629
7.53482345,0.3529972058
7.54280617,0.3575090570
7.55078889,0.3626881956
7.55877161,0.3685509027
7.56675433,0.3750985374
7.57473705,0.3823467115
7.58271977,0.3902950299
7.59070249,0.3989483825
7.59868521,0.4082921059
7.60666793,0.4183202161
7.61465065,0.4290144420
7.62263337,0.4403624411
7.63061609,0.4523396033
7.63859880,0.4649104622
7.64658152,0.4780471828
7.65456424,0.4917082449
7.66254696,0.5058512381
7.67052968,0.5204401608
7.67851240,0.5354198318
7.68649512,0.5507335138
7.69447784,0.5663360239
7.70246056,0.5821540441
7.71044328,0.5981420893
7.71842600,0.6142397006
7.72640872,0.6303868758
7.73439144,0.6465286246
7.74237416,0.6626043020
7.75035688,0.6785656110
7.75833960,0.6943619112
7.76632232,0.7099421277
7.77430504,0.7252588524
7.78228776,0.7402864158
7.79027048,0.7549844462
7.79825320,0.7693280904
7.80623592,0.7832901324
7.81421864,0.7968521859
7.82220136,0.8099922922
7.83018408,0.8227029303
7.83816680,0.8349781196
7.84614952,0.8468165878
7.85413224,0.8582205275
7.86211496,0.8691818252
7.87009768,0.8797043571
7.87808040,0.8897852580
7.88606312,0.8994281538
7.89404584,0.9086369111
7.90202856,0.9174062314
7.91001128,0.9257299868
7.91799400,0.9336004803
7.92597672,0.9410097066
7.93395944,0.9479395949
7.94194216,0.9543699705
7.94992488,0.9602788239
7.95790760,0.9656521078
7.96589032,0.9704479087
7.97387304,0.9746398892
7.98185575,0.9781862874
7.98983847,0.9810583362
7.99782119,0.9832093735
8.00580391,0.9846084327
8.01378663,0.9852199838
8.02176935,0.9850017255
8.02975207,0.9839222118
8.03773479,0.9819584028
8.04571751,0.9790857608
8.05370023,0.9752904076
8.06168295,0.9705568486
8.06966567,0.9648815541
8.07764839,0.9582770446
8.08563111,0.9507566558
8.09361383,0.9423382670
8.10159655,0.9330540713
8.10957927,0.9229389905
8.11756199,0.9120468232
8.12554471,0.9004298377
8.13352743,0.8881377285
8.14151015,0.8752396100
8.14949287,0.8618053229
8.15747559,0.8479043629
8.16545831,0.8336142332
8.17344103,0.8189973739
8.18142375,0.8041261618
8.18940647,0.7890663427
8.19738919,0.7738878671
8.20537191,0.7586497818
8.21335463,0.7434151196
8.22133735,0.7282357864
8.22932007,0.7131545377
8.23730279,0.6982089202
8.24528551,0.6834355347
8.25326823,0.6688583450
8.26125095,0.6545041939
8.26923367,0.6403870433
8.27721639,0.6265179762
8.28519911,0.6129041274
8.29318183,0.5995494613
8.30116455,0.5864384027
8.30914727,0.5735796270
8.31712998,0.5609619633
8.32511270,0.5485674219
8.33309542,0.5363881681
8.34107814,0.5244155935
8.34906086,0.5126348241
8.35704358,0.5010256092
8.36502630,0.4895693417
8.37300902,0.4782664213
8.38099174,0.4671034214
8.38897446,0.4560630863
8.39695718,0.4451416914
8.40493990,0.4343323922
8.41292262,0.4236214578
8.42090534,0.4130191464
8.42888806,0.4025112037
8.43687078,0.3920944393
8.44485350,0.3817728855
8.45283622,0.3715517030
8.46081894,0.3614321009
8.46880166,0.3514142825
8.47678438,0.3415091817
8.48476710,0.3317143544
8.49274982,0.3220377944
8.50073254,0.3124903673
8.50871526,0.3030664190
8.51669798,0.2937868073
8.52468070,0.2846442757
8.53266342,0.2756426103
8.54064614,0.2667768078
8.54862886,0.2580481296
8.55661158,0.2494677136
8.56459430,0.2410214342
8.57257702,0.2327094176
8.58055974,0.2245311404
8.58854246,0.2164823476
8.59652518,0.2085449165
8.60450790,0.2007236499
8.61249062,0.1930085386
8.62047334,0.1853951379
8.62845606,0.1778770280
8.63643878,0.1704532290
8.64442150,0.1631143797
8.65240422,0.1558587137
8.66038693,0.1486823566
8.66836965,0.1415825443
8.67635237,0.1345732519
8.68433509,0.1276537115
8.69231781,0.1208308204
8.70030053,0.1141071555
8.70828325,0.1074890979
8.71626597,0.1009941466
8.72424869,0.0946369338
8.73223141,0.0884227138
8.74021413,0.0823729527
8.74819685,0.0764951579
8.75617957,0.0708079791
8.76416229,0.0653221976
8.77214501,0.0600465563
8.78012773,0.0549973028
8.78811045,0.0501830946
8.79609317,0.0456186896
8.80407589,0.0413021618
8.81205861,0.0372441182
8.82004133,0.0334450595
8.82802405,0.0299048621
8.83600677,0.0266238272
8.84398949,0.0235969875
8.85197221,0.0208217305
8.85995493,0.0182898705
8.86793765,0.0159912838
8.87592037,0.0139135503
8.88390309,0.0120508687
8.89188581,0.0103840573
8.89986853,0.0089039792
8.90785125,0.0075979850
8.91583397,0.0064483244
8.92381669,0.0054478168
8.93179941,0.0045780262
8.93978213,0.0038240247
8.94776485,0.0031809440
8.95574757,0.0026302402
8.96373029,0.0021653456
8.97171301,0.0017724713
8.97969573,0.0014435014
8.98767845,0.0011646009
8.99566117,0.0009370962
9.00364388,0.0007499238
9.01162660,0.0005969757
9.01960932,0.0004732566
9.02759204,0.0003704287
9.03557476,0.0002905096
9.04355748,0.0002240376
9.05154020,0.0001717809
9.05952292,0.0001314825
9.06750564,0.0000996389
9.07548836,0.0000761173
9.08347108,0.0000578009
9.09145380,0.0000436296
9.09943652,0.0000304693
9.10741924,0.0000227907
9.11540196,0.0000148133
9.12338468,0.0000103006
9.13136740,0.0000076105
9.13935012,0.0000047516
9.14733284,0.0000034766
9.15531556,0.0000013541
9.16329828,0.0000009847
9.17128100,0.0000001634
