q_index,q_path_length,branch_1_thz,branch_2_thz,branch_3_thz
1,0.00000000,-0.00000000,-0.00000000,0.00000000
2,0.00728900,0.25681300,0.25683600,0.34485000
3,0.01457700,0.51318700,0.51323300,0.68912300
4,0.02186600,0.76868400,0.76875400,1.03224700
5,0.02915400,1.02286900,1.02296400,1.37364800
6,0.03644300,1.27531000,1.27543000,1.71275800
7,0.04373100,1.52557700,1.52572300,2.04901300
8,0.05102000,1.77324700,1.77342000,2.38185400
9,0.05830800,2.01790300,2.01810400,2.71073100
10,0.06559700,2.25913400,2.25936500,3.03509800
11,0.07288600,2.49653800,2.49679900,3.35442300
12,0.08017400,2.72971900,2.73001200,3.66817900
13,0.08746300,2.95829300,2.95862000,3.97585400
14,0.09475100,3.18188500,3.18224800,4.27694500
15,0.10204000,3.40013200,3.40053000,4.57096300
16,0.10932800,3.61267900,3.61311500,4.85743100
17,0.11661700,3.81918700,3.81966200,5.13588900
18,0.12390500,4.01932600,4.01984200,5.40588900
19,0.13119400,4.21278200,4.21333900,5.66700000
20,0.13848300,4.39925200,4.39985100,5.91880700
21,0.14577100,4.57844700,4.57908800,6.16091200
22,0.15306000,4.75009300,4.75077700,6.39293300
23,0.16034800,4.91392800,4.91465500,6.61450700
24,0.16763700,5.06970500,5.07047500,6.82529000
25,0.17492500,5.21719400,5.21800600,7.02495200
26,0.18221400,5.35617500,5.35702900,7.21318800
27,0.18950200,5.48644500,5.48733900,7.38970700
28,0.19679100,5.60781600,5.60874900,7.55424000
29,0.20408000,5.72011200,5.72108300,7.70653600
30,0.21136800,5.82317500,5.82418100,7.84636400
31,0.21865700,5.91685800,5.91789700,7.97351400
32,0.22594500,6.00103000,6.00209900,8.08779400
33,0.23323400,6.07557300,6.07667000,8.18903200
34,0.24052200,6.14038400,6.14150600,8.27707900
35,0.24781100,6.19537500,6.19651800,8.35180100
36,0.25509900,6.24047000,6.24163000,8.41309000
37,0.26238800,6.27560800,6.27678100,8.46085300
38,0.26967700,6.30074000,6.30192300,8.49502000
39,0.27696500,6.31583300,6.31702200,8.51554000
40,0.28425400,6.32086600,6.32205800,8.52238400
41,0.28425400,6.32086600,6.32205800,8.52238400
42,0.28789800,6.32143200,6.32258500,8.52162300
43,0.29154200,6.32176400,6.32553300,8.51934200
44,0.29518600,6.32192200,6.33083000,8.51554300
45,0.29883100,6.32209600,6.33827200,8.51023000
46,0.30247500,6.32230600,6.34781700,8.50340700
47,0.30611900,6.32255600,6.35943400,8.49508200
48,0.30976400,6.32284500,6.37309100,8.48526300
49,0.31340800,6.32317300,6.38875000,8.47395900
50,0.31705200,6.32353800,6.40636900,8.46118200
51,0.32069600,6.32393700,6.42590200,8.44694400
52,0.32434100,6.32436800,6.44729900,8.43126000
53,0.32798500,6.32482800,6.47050300,8.41414600
54,0.33162900,6.32531500,6.49545600,8.39561900
55,0.33527300,6.32582400,6.52209600,8.37569800
56,0.33891800,6.32635400,6.55035600,8.35440400
57,0.34256200,6.32689900,6.58016700,8.33175900
58,0.34620600,6.32745800,6.61145800,8.30778600
59,0.34985100,6.32802600,6.64415600,8.28251200
60,0.35349500,6.32860000,6.67818300,8.25596300
61,0.35713900,6.32917600,6.71346300,8.22816800
62,0.36078300,6.32974900,6.74991600,8.19915800
63,0.36442800,6.33031800,6.78746300,8.16896500
64,0.36807200,6.33087700,6.82602200,8.13762300
65,0.37171600,6.33142400,6.86551200,8.10516700
66,0.37536100,6.33195400,6.90585000,8.07163500
67,0.37900500,6.33246400,6.94695600,8.03706700
68,0.38264900,6.33295200,6.98874600,8.00150300
69,0.38629300,6.33341400,7.03114000,7.96498600
70,0.38993800,6.33384600,7.07405700,7.92756100
71,0.39358200,6.33424700,7.11741500,7.88927500
72,0.39722600,6.33461300,7.16113700,7.85017600
73,0.40087000,6.33494300,7.20514200,7.81031300
74,0.40451500,6.33523400,7.24935500,7.76974000
75,0.40815900,6.33548400,7.29369900,7.72851100
76,0.41180300,6.33569100,7.33809900,7.68668000
77,0.41544800,6.33585500,7.38248200,7.64430700
78,0.41909200,6.33597500,7.42677700,7.60145000
79,0.42273600,6.33604900,7.47091200,7.55817100
80,0.42638000,6.33607700,7.51452700,7.51482600
81,0.42638000,6.33607700,7.51452700,7.51482600
82,0.42895700,6.33533600,7.49297100,7.53642800
83,0.43153400,6.33305600,7.47217800,7.55748100
84,0.43411100,6.32919800,7.45225900,7.57797800
85,0.43668800,6.32373800,7.43331000,7.59791900
86,0.43926500,6.31666500,7.41541400,7.61730200
87,0.44184200,6.30798400,7.39863600,7.63612700
88,0.44441900,6.29771900,7.38302800,7.65439400
89,0.44699600,6.28591400,7.36862100,7.67210200
90,0.44957200,6.27263000,7.35543000,7.68925000
91,0.45214900,6.25795000,7.34345100,7.70583800
92,0.45472600,6.24197100,7.33266400,7.72186600
93,0.45730300,6.22480900,7.32303200,7.73733200
94,0.45988000,6.20659200,7.31450800,7.75223800
95,0.46245700,6.18745800,7.30703400,7.76658100
96,0.46503400,6.16755600,7.30054200,7.78036400
97,0.46761100,6.14703700,7.29496000,7.79358400
98,0.47018800,6.12605800,7.29021400,7.80624200
99,0.47276400,6.10477400,7.28622800,7.81833800
100,0.47534100,6.08334200,7.28292400,7.82987100
101,0.47791800,6.06191500,7.28022900,7.84084200
102,0.48049500,6.04064000,7.27807300,7.85125100
103,0.48307200,6.01966200,7.27638600,7.86109700
104,0.48564900,5.99911800,7.27510700,7.87038000
105,0.48822600,5.97914100,7.27417500,7.87910100
106,0.49080300,5.95985400,7.27353700,7.88725900
107,0.49338000,5.94137600,7.27314100,7.89485400
108,0.49595700,5.92381600,7.27294400,7.90188700
109,0.49853300,5.90727700,7.27290300,7.90835700
110,0.50111000,5.89185300,7.27298100,7.91426500
111,0.50368700,5.87763200,7.27314700,7.91961000
112,0.50626400,5.86469100,7.27337000,7.92439300
113,0.50884100,5.85310300,7.27362500,7.92861300
114,0.51141800,5.84292800,7.27389000,7.93227000
115,0.51399500,5.83422300,7.27414700,7.93536600
116,0.51657200,5.82703300,7.27438000,7.93789800
117,0.51914900,5.82139600,7.27457600,7.93986900
118,0.52172500,5.81734200,7.27472600,7.94127600
119,0.52430200,5.81489100,7.27482200,7.94212200
120,0.52687900,5.81405600,7.27486200,7.94240500
121,0.52687900,5.81405600,7.27486200,7.94240500
122,0.53461000,5.73473900,7.36980100,7.84960100
123,0.54234100,5.65008000,7.45807500,7.74989700
124,0.55007100,5.56018700,7.53798100,7.64330100
125,0.55780200,5.46517400,7.52982100,7.60794000
126,0.56553300,5.36516100,7.40948700,7.66648600
127,0.57326300,5.26027000,7.28231800,7.71229400
128,0.58099400,5.15062900,7.14834600,7.74416000
129,0.58872500,5.03637100,7.00761400,7.76100800
130,0.59645500,4.91763100,6.86017000,7.76188700
131,0.60418600,4.79454600,6.70607200,7.74596900
132,0.61191700,4.66726000,6.54538700,7.71254800
133,0.61964700,4.53591600,6.37819300,7.66103500
134,0.62737800,4.40066000,6.20457900,7.59095700
135,0.63510900,4.26164000,6.02464400,7.50195300
136,0.64283900,4.11900500,5.83849700,7.39377400
137,0.65057000,3.97290600,5.64626200,7.26627500
138,0.65830100,3.82349300,5.44807300,7.11941600
139,0.66603100,3.67091900,5.24407600,6.95326000
140,0.67376200,3.51533600,5.03443000,6.76796400
141,0.68149300,3.35689500,4.81930500,6.56378300
142,0.68922400,3.19574700,4.59888400,6.34106000
143,0.69695400,3.03204400,4.37336300,6.10022800
144,0.70468500,2.86593700,4.14294800,5.84180300
145,0.71241600,2.69757400,3.90785800,5.56638300
146,0.72014600,2.52710500,3.66832300,5.27464100
147,0.72787700,2.35467700,3.42458500,4.96732300
148,0.73560800,2.18043800,3.17689500,4.64524500
149,0.74333800,2.00453100,2.92551500,4.30928600
150,0.75106900,1.82710100,2.67071700,3.96038500
151,0.75880000,1.64829200,2.41278100,3.59953900
152,0.76653000,1.46824500,2.15199700,3.22779400
153,0.77426100,1.28710200,1.88866000,2.84624200
154,0.78199200,1.10500000,1.62307400,2.45601700
155,0.78972200,0.92208000,1.35555000,2.05829000
156,0.79745300,0.73847900,1.08640100,1.65426200
157,0.80518400,0.55433400,0.81594700,1.24516300
158,0.81291400,0.36978200,0.54451200,0.83224000
159,0.82064500,0.18495900,0.27242000,0.41676100
160,0.82837600,-0.00000000,-0.00000000,0.00000000
161,0.82837600,-0.00000000,-0.00000000,0.00000000
162,0.83468800,0.17800200,0.17806200,0.35316000
163,0.84100000,0.35571600,0.35583600,0.70574600
164,0.84731200,0.53285300,0.53303200,1.05718900
165,0.85362400,0.70912500,0.70936400,1.40691600
166,0.85993600,0.88424700,0.88454500,1.75436100
167,0.86624800,1.05793500,1.05829100,2.09896100
168,0.87256000,1.22990700,1.23032100,2.44015600
169,0.87887200,1.39988400,1.40035500,2.77739300
170,0.88518400,1.56759100,1.56811800,3.11012600
171,0.89149600,1.73275500,1.73333700,3.43781300
172,0.89780900,1.89510800,1.89574500,3.75992500
173,0.90412100,2.05438700,2.05507800,4.07593800
174,0.91043300,2.21033400,2.21107800,4.38534000
175,0.91674500,2.36269600,2.36349100,4.68762800
176,0.92305700,2.51122600,2.51207000,4.98231400
177,0.92936900,2.65568300,2.65657600,5.26891800
178,0.93568100,2.79583200,2.79677200,5.54697600
179,0.94199300,2.93144600,2.93243100,5.81603600
180,0.94830500,3.06230500,3.06333500,6.07566300
181,0.95461700,3.18819700,3.18926900,6.32543500
182,0.96092900,3.30891800,3.31003100,6.56494800
183,0.96724100,3.42427200,3.42542300,6.79381200
184,0.97355300,3.53407200,3.53526000,7.01165600
185,0.97986500,3.63813900,3.63936200,7.21812700
186,0.98617800,3.73630500,3.73756200,7.41289100
187,0.99249000,3.82841100,3.82969900,7.59563100
188,0.99880200,3.91430800,3.91562400,7.76605100
189,1.00511400,3.99385500,3.99519800,7.92387400
190,1.01142600,4.06692400,4.06829200,8.06884500
191,1.01773800,4.13339700,4.13478700,8.20072800
192,1.02405000,4.19316500,4.19457500,8.31930900
193,1.03036200,4.24613200,4.24756000,8.42439600
194,1.03667400,4.29221200,4.29365500,8.51581900
195,1.04298600,4.33133000,4.33278600,8.59343000
196,1.04929800,4.36342200,4.36488900,8.65710100
197,1.05561000,4.38843700,4.38991300,8.70673100
198,1.06192200,4.40633400,4.40781500,8.74223900
199,1.06823400,4.41708400,4.41856900,8.76356600
200,1.07454700,4.42066900,4.42215500,8.77067900
201,1.07454700,4.42066900,4.42215500,8.77067900
202,1.07901000,4.42280300,4.42692300,8.76976700
203,1.08347300,4.42835100,4.44201700,8.76703100
204,1.08793600,4.43744500,4.46710500,8.76247400
205,1.09240000,4.45007700,4.50187300,8.75609900
206,1.09686300,4.46617400,4.54595200,8.74791300
207,1.10132600,4.48563800,4.59890100,8.73792400
208,1.10579000,4.50834900,4.66020600,8.72614000
209,1.11025300,4.53416800,4.72930300,8.71257300
210,1.11471600,4.56294100,4.80558200,8.69723600
211,1.11918000,4.59449900,4.88840700,8.68014300
212,1.12364300,4.62866100,4.97712500,8.66131300
213,1.12810600,4.66523300,5.07107400,8.64076500
214,1.13257000,4.70401500,5.16959800,8.61852000
215,1.13703300,4.74479900,5.27204700,8.59460500
216,1.14149600,4.78737100,5.37778500,8.56904600
217,1.14596000,4.83151600,5.48619500,8.54187600
218,1.15042300,4.87701500,5.59667900,8.51313000
219,1.15488600,4.92364900,5.70866100,8.48285000
220,1.15934900,4.97119800,5.82158600,8.45108100
221,1.16381300,5.01944600,5.93491900,8.41787900
222,1.16827600,5.06817900,6.04814200,8.38330700
223,1.17273900,5.11718500,6.16075300,8.34744000
224,1.17720300,5.16625800,6.27226100,8.31036800
225,1.18166600,5.21519700,6.38217900,8.27220200
226,1.18612900,5.26380300,6.49001700,8.23308100
227,1.19059300,5.31188600,6.59526900,8.19318100
228,1.19505600,5.35926100,6.69739800,8.15273200
229,1.19951900,5.40574900,6.79581000,8.11204200
230,1.20398300,5.45117700,6.88981600,8.07153200
231,1.20844600,5.49537900,6.97857900,8.03179100
232,1.21290900,5.53819400,7.06102800,7.99366000
233,1.21737200,5.57947100,7.13574500,7.95834500
234,1.22183600,5.61906300,7.20082400,7.92755200
235,1.22629900,5.65683000,7.25380200,7.90356300
236,1.23076200,5.69263900,7.29186800,7.88902200
237,1.23522600,5.72636300,7.31265300,7.88614300
238,1.23968900,5.75788400,7.31545100,7.89549400
239,1.24415200,5.78708600,7.30180900,7.91540000
240,1.24861600,5.81386500,7.27477500,7.94269800
241,1.24861600,5.81386500,7.27477500,7.94269800
242,1.25543300,5.79031400,7.30173200,7.91429500
243,1.26225100,5.77088600,7.31531600,7.89111800
244,1.26906900,5.75555400,7.31296000,7.87636800
245,1.27588700,5.74408800,7.29378700,7.87177000
246,1.28270500,5.73605300,7.25935000,7.87682700
247,1.28952300,5.73080600,7.21309700,7.88936800
248,1.29634000,5.72749300,7.15918700,7.90673200
249,1.30315800,5.72506000,7.10167400,7.92658000
250,1.30997600,5.72228200,7.04423200,7.94714100
251,1.31679400,5.71784200,6.99013600,7.96715700
252,1.32361200,5.71046200,6.94225900,7.98575500
253,1.33042900,5.69910600,6.90297700,8.00233000
254,1.33724700,5.68321900,6.87401600,8.01646400
255,1.34406500,5.66292500,6.85629500,8.02787000
256,1.35088300,5.63909600,6.84988000,8.03635200
257,1.35770100,5.61326400,6.85407700,8.04178400
258,1.36451900,5.58739500,6.86765700,8.04409500
259,1.37133600,5.56362400,6.88909500,8.04325600
260,1.37815400,5.54402200,6.91678700,8.03927500
261,1.38497200,5.53043400,6.94918600,8.03219500
262,1.39179000,5.52438500,6.98487000,8.02208900
263,1.39860800,5.52702900,7.02256800,8.00906100
264,1.40542500,5.53913500,7.06116400,7.99324400
265,1.41224300,5.56108300,7.09968500,7.97480300
266,1.41906100,5.59287900,7.13728900,7.95393500
267,1.42587900,5.63417200,7.17325900,7.93086800
268,1.43269700,5.68427200,7.20700300,7.90585700
269,1.43951500,5.74216900,7.23806700,7.87918500
270,1.44633200,5.80655500,7.26615500,7.85114200
271,1.45315000,5.87582600,7.29117500,7.82201800
272,1.45996800,5.94809300,7.31329000,7.79206400
273,1.46678600,6.02117300,7.33299400,7.76146000
274,1.47360400,6.09259700,7.35117600,7.73027300
275,1.48042100,6.15963800,7.36915700,7.69841600
276,1.48723900,6.21940200,7.38863800,7.66562500
277,1.49405700,6.26902900,7.41150800,7.63147000
278,1.50087500,6.30601700,7.43950200,7.59538600
279,1.50769300,6.32860900,7.47376800,7.55672500
280,1.51451100,6.33607700,7.51452700,7.51482600
281,1.51451100,6.33607700,7.51452700,7.51482600
282,1.51966400,6.33024800,7.51065100,7.51959800
283,1.52481800,6.31293400,7.49871200,7.53407700
284,1.52997200,6.28500400,7.47885600,7.55730300
285,1.53512600,6.24769000,7.45115100,7.58806300
286,1.54027900,6.20237100,7.41568800,7.62500900
287,1.54543300,6.15040100,7.37258800,7.66682100
288,1.55058700,6.09301300,7.32199900,7.71231700
289,1.55574100,6.03127600,7.26409600,7.76047900
290,1.56089500,5.96609800,7.19908200,7.81046400
291,1.56604800,5.89824200,7.12719200,7.86157900
292,1.57120200,5.82835400,7.04868800,7.91326100
293,1.57635600,5.75698400,6.96386500,7.96504900
294,1.58151000,5.68460600,6.87305000,8.01656700
295,1.58666400,5.61163700,6.77660300,8.06750400
296,1.59181700,5.53845300,6.67491900,8.11760200
297,1.59697100,5.46539500,6.56843100,8.16664400
298,1.60212500,5.39277800,6.45761000,8.21444600
299,1.60727900,5.32090100,6.34296500,8.26085100
300,1.61243200,5.25004900,6.22505100,8.30572600
301,1.61758600,5.18049600,6.10446500,8.34895200
302,1.62274000,5.11250600,5.98185200,8.39042700
303,1.62789400,5.04634200,5.85790300,8.43006100
304,1.63304800,4.98225700,5.73336400,8.46777600
305,1.63820100,4.92050300,5.60903000,8.50349900
306,1.64335500,4.86132600,5.48574700,8.53717000
307,1.64850900,4.80496600,5.36441500,8.56873100
308,1.65366300,4.75166000,5.24598400,8.59813300
309,1.65881700,4.70163700,5.13144900,8.62533300
310,1.66397000,4.65511600,5.02184300,8.65028900
311,1.66912400,4.61231000,4.91823000,8.67296800
312,1.67427800,4.57341800,4.82169000,8.69333900
313,1.67943200,4.53862500,4.73329800,8.71137400
314,1.68458500,4.50810200,4.65411000,8.72705000
315,1.68973900,4.48200200,4.58512600,8.74034700
316,1.69489300,4.46045700,4.52727200,8.75124900
317,1.70004700,4.44357700,4.48136000,8.75974200
318,1.70520100,4.43144300,4.44807000,8.76581600
319,1.71035400,4.42405600,4.42797000,8.76946300
320,1.71550800,4.42066900,4.42215500,8.77067900
