q_index,q_path_length,branch_1_thz,branch_2_thz,branch_3_thz,branch_4_thz,branch_5_thz,branch_6_thz,branch_7_thz,branch_8_thz,branch_9_thz,branch_10_thz,branch_11_thz,branch_12_thz
1,0.00000000,0.00000000,0.00000000,0.00000000,5.76230400,5.76230400,9.51652500,9.72363700,9.72363700,10.84272600,11.08324800,15.97705300,17.06330200
2,0.00508500,0.13131600,0.24032100,0.27186800,5.75951900,5.76116900,9.45145300,9.72620800,9.79048500,10.84228900,11.08155400,15.97386900,17.06114900
3,0.01016900,0.26252500,0.48028200,0.54342000,5.75123200,5.75776900,9.33621000,9.73386700,9.91105300,10.84098900,11.07648200,15.96432800,17.05469300
4,0.01525400,0.39352000,0.71952200,0.81434100,5.73764700,5.75211000,9.21348700,9.74644700,10.04264100,10.83886200,11.06805800,15.94846300,17.04394900
5,0.02033900,0.52419300,0.95767900,1.08431000,5.71909100,5.74420500,9.09043600,9.76368300,10.17808000,10.83596700,11.05633000,15.92632700,17.02893700
6,0.02542400,0.65444000,1.19438900,1.35300400,5.69600300,5.73407200,8.96904500,9.78521900,10.31535900,10.83238900,11.04136200,15.89799500,17.00968800
7,0.03050800,0.78415500,1.42928200,1.62009100,5.66891800,5.72173300,8.85018000,9.81062700,10.45358300,10.82823600,11.02323900,15.86356000,16.98624200
8,0.03559300,0.91323600,1.66198800,1.88523300,5.63844600,5.70721300,8.73435300,9.83942600,10.59221000,10.82364300,11.00206600,15.82313400,16.95864500
9,0.04067800,1.04158200,1.89212800,2.14808200,5.60525400,5.69054300,8.62192200,9.87109200,10.73084300,10.81877200,10.97796600,15.77684500,16.92695500
10,0.04576200,1.16909300,2.11932000,2.40827700,5.57004400,5.67175500,8.51316700,9.90508300,10.81380800,10.86916200,10.95109000,15.72483300,16.89123400
11,0.05084700,1.29567100,2.34317400,2.66544600,5.53354100,5.65088500,8.40831500,9.94084700,10.80896800,10.92160900,11.00689600,15.66725500,16.85155400
12,0.05593200,1.42122400,2.56329200,2.91920000,5.49647100,5.62797200,8.30755500,9.97783900,10.80448500,10.88972900,11.14381100,15.60427500,16.80799500
13,0.06101600,1.54565800,2.77926800,3.16913300,5.45955000,5.60305500,8.21104200,10.01552700,10.80058600,10.85572000,11.27970200,15.53606700,16.76064300
14,0.06610100,1.66888600,2.99068700,3.41482100,5.42347300,5.57617600,8.11890300,10.05340100,10.79718100,10.82022600,11.41439300,15.46281500,16.70959400
15,0.07118600,1.79082200,3.19712200,3.65582100,5.38889900,5.54737500,8.03123400,10.09098200,10.77987700,10.79825400,11.54773500,15.38470500,16.65494600
16,0.07627100,1.91138400,3.39813600,3.89166600,5.35644400,5.51669700,7.94810400,10.12781900,10.74156600,10.79758700,11.67960100,15.30193000,16.59680800
17,0.08135500,2.03049400,3.59328200,4.12187100,5.32667100,5.48418400,7.86955500,10.16349700,10.70135300,10.79985800,11.80988900,15.21468900,16.53529100
18,0.08644000,2.14807800,3.78210200,4.34592600,5.30008000,5.44988300,7.79560100,10.19763800,10.66026200,10.80484000,11.93851500,15.12318300,16.47051600
19,0.09152500,2.26406700,3.96412700,4.56330700,5.27710000,5.41384900,7.72622900,10.22990000,10.61873500,10.81295000,12.06541200,15.02762000,16.40260400
20,0.09660900,2.37839500,4.13888000,4.77347100,5.25806300,5.37615500,7.66140100,10.25997900,10.57718300,10.82468500,12.19052800,14.92821600,16.33168500
21,0.10169400,2.49100100,4.30587800,4.97586800,5.24316200,5.33693700,7.60104700,10.28760900,10.53603100,10.84057600,12.31381400,14.82520200,16.25788900
22,0.10677900,2.60182800,4.46463600,5.16994600,5.23224500,5.29659700,7.54507500,10.31256100,10.49571800,10.86117300,12.43522100,14.71882500,16.18135300
23,0.11186300,2.71082500,4.61467300,5.22320600,5.25740000,5.35516500,7.49336200,10.33464500,10.45669600,10.88702900,12.55468200,14.60936700,16.10221500
24,0.11694800,2.81794500,4.75551800,5.19945900,5.23600200,5.53101000,7.44575700,10.35370700,10.41942300,10.91868400,12.67208800,14.49716600,16.02061400
25,0.12203300,2.92314700,4.88672200,5.15685800,5.23653400,5.69700700,7.40208100,10.36963500,10.38435800,10.95664700,12.78725200,14.38265300,15.93669200
26,0.12711800,3.02639400,5.00786600,5.10982700,5.24446200,5.85275000,7.36212500,10.35194300,10.38235300,11.00137700,12.89982000,14.26643700,15.85059200
27,0.13220200,3.12765400,5.06056100,5.11857900,5.25739600,5.99791100,7.32565200,10.32259900,10.39182600,11.05326100,13.00910700,14.14947100,15.76245600
28,0.13728700,3.22690100,5.00942800,5.21855100,5.27468200,6.13227400,7.29239100,10.29670200,10.39806000,11.11259000,13.11368600,14.03346400,15.67242500
29,0.14237200,3.32411400,4.95653100,5.29584800,5.30754800,6.25574000,7.26203900,10.27457400,10.40110200,11.17954500,13.21031100,13.92195500,15.58064000
30,0.14745600,3.41927500,4.90190100,5.32041200,5.38543200,6.36835100,7.23426200,10.25646500,10.40104400,11.25417800,13.29082600,13.82340800,15.48723800
31,0.15254100,3.51237300,4.84554300,5.34784200,5.45217500,6.47029100,7.20868800,10.24253700,10.39801900,11.33640800,13.33502000,13.75835700,15.39235600
32,0.15762600,3.60340200,4.78745100,5.37754300,5.50786700,6.56188600,7.18491000,10.23285500,10.39221000,11.42602100,13.31455000,13.75548300,15.29612400
33,0.16271000,3.69235900,4.72760700,5.40886300,5.55272900,6.64359800,7.16248300,10.22738100,10.38384600,11.52267600,13.23499400,13.80956400,15.19867200
34,0.16779500,3.77924600,4.66599400,5.44109000,5.58711100,6.71600800,7.14092200,10.22596600,10.37320300,11.62591600,13.12568100,13.89165200,15.10012400
35,0.17288000,3.86407000,4.60258700,5.47345700,5.61149300,6.77979500,7.11969800,10.22836100,10.36060900,11.73519500,13.00347400,13.98528200,15.00060200
36,0.17796500,3.94684100,4.53736100,5.50515000,5.62646900,6.83571400,7.09824200,10.23422300,10.34643700,11.84988900,12.87528900,14.08396400,14.90022400
37,0.18304900,4.02757300,4.47028900,5.53531000,5.63274200,6.88457200,7.07594100,10.24312800,10.33110900,11.96932500,12.74425800,14.18502000,14.79910700
38,0.18813400,4.10628400,4.40134300,5.56304300,5.63109700,6.92720400,7.05213400,10.25458800,10.31509000,12.09279500,12.61211300,14.28719900,14.69737300
39,0.19321900,4.18299200,4.33049700,5.58742600,5.62239000,6.96445200,7.02612000,10.26807300,10.29888400,12.21956800,12.48001900,14.38984600,14.59514900
40,0.19830300,4.25767700,4.25776600,5.60749000,5.60755600,6.99700700,6.99729900,10.28302500,10.28302800,12.34889500,12.34890200,14.49256700,14.49259200
41,0.19830300,4.25767700,4.25776600,5.60749000,5.60755600,6.99700700,6.99729900,10.28302500,10.28302800,12.34889500,12.34890200,14.49256700,14.49259200
42,0.20338800,4.18689900,4.33313200,5.59407500,5.61896900,6.97425800,7.01275600,10.28577800,10.28911700,12.28446200,12.41514700,14.42679800,14.55203700
43,0.20847300,4.12147100,4.41231700,5.57796800,5.62905900,6.94445800,7.02096200,10.29716300,10.30396100,12.22169500,12.48334400,14.35499200,14.60494000
44,0.21355700,4.06223300,4.49445900,5.55854100,5.63841700,6.90838600,7.02197100,10.31670900,10.32716700,12.16045400,12.55359100,14.27754600,14.65111900
45,0.21864200,4.00994900,4.57873500,5.53515300,5.64764400,6.86686400,7.01627000,10.34371500,10.35806000,12.10060600,12.62592900,14.19494300,14.69046800
46,0.22372700,3.96534400,4.66429900,5.50721500,5.65731400,6.82083700,7.00459600,10.37731500,10.39572900,12.04203300,12.70027900,14.10781700,14.72294400
47,0.22881200,3.92908100,4.75024200,5.47425700,5.66797300,6.77131500,6.98787500,10.41652100,10.43908500,11.98463100,12.77634000,14.01703500,14.74856500
48,0.23389600,3.90174700,4.83549000,5.43605000,5.68014000,6.71931100,6.96715200,10.46027100,10.48693000,11.92831600,12.85340200,13.92387000,14.76741800
49,0.23898100,3.88382500,4.91853300,5.39291000,5.69430100,6.66580500,6.94351400,10.50746100,10.53803100,11.87301600,12.92994600,13.83038400,14.77965800
50,0.24406600,3.87568500,4.99653200,5.34661600,5.71091300,6.61170900,6.91802400,10.55697100,10.59117800,11.81867700,13.00274700,13.74030800,14.78551400
51,0.24915000,3.87756000,5.06188800,5.30386400,5.73039900,6.55784900,6.89166000,10.60767800,10.64523700,11.76526100,13.06486600,13.66103800,14.78529000
52,0.25423500,3.88954100,5.09159800,5.28692400,5.75314800,6.50495000,6.86528300,10.65846300,10.69919000,11.71273800,13.10235400,13.60691000,14.77937100
53,0.25932000,3.91156100,5.06192700,5.31897500,5.77951300,6.45364000,6.83961600,10.70821700,10.75215600,11.66109300,13.09658800,13.59687000,14.76822100
54,0.26440400,3.94340100,4.99498500,5.37751600,5.80980500,6.40444700,6.81524300,10.75584300,10.80340700,11.61031400,13.04343200,13.63529800,14.75238500
55,0.26948900,3.98468200,4.91104400,5.44204000,5.84429100,6.35781300,6.79262500,10.80026600,10.85236100,11.56038800,12.95812100,13.70713200,14.73248700
56,0.27457400,4.03488100,4.81674900,5.50578900,5.88318100,6.31411400,6.77212400,10.84043800,10.89858400,11.51129600,12.85565500,13.79748700,14.70922500
57,0.27965900,4.09333300,4.71463300,5.56623300,5.92659700,6.27369500,6.75402700,10.87536800,10.94176200,11.46298800,12.74439300,13.89806400,14.68335800
58,0.28474300,4.15924600,4.60608300,5.62208100,5.97448500,6.23697500,6.73856500,10.90415300,10.98169100,11.41536400,12.62868000,14.00454400,14.65569700
59,0.28982800,4.23171600,4.49210600,5.67251500,6.02625800,6.20481100,6.72592300,10.92604200,11.01824600,11.36823200,12.51102400,14.11442900,14.62707900
60,0.29491300,4.30973700,4.37357000,5.71696600,6.07870900,6.18060100,6.71623700,10.94050000,11.05135800,11.32126100,12.39309700,14.22605400,14.59834500
61,0.29999700,4.25127900,4.39222100,5.75505700,6.11123400,6.18506000,6.70957700,10.94729900,11.08098300,11.27392600,12.27618600,14.33816600,14.57031100
62,0.30508200,4.12601400,4.47801000,5.78659700,6.10353900,6.23852900,6.70592200,10.94658600,11.10707000,11.22547700,12.16140200,14.44973200,14.54372700
63,0.31016700,3.99855200,4.56589200,5.81159800,6.08659800,6.31001100,6.70514200,10.93889800,11.12951900,11.17495200,12.04980600,14.51924900,14.55985100
64,0.31525100,3.86967600,4.65462700,5.83027700,6.07038800,6.38943500,6.70697900,10.92511100,11.12127600,11.14813200,11.94249300,14.49740500,14.66771600
65,0.32033600,3.74018900,4.74296100,5.84304800,6.05653500,6.47499800,6.71106300,10.90628700,11.06343000,11.16252700,11.84068700,14.47857200,14.77258600
66,0.32542100,3.61092700,4.82965700,5.85048900,6.04542600,6.56603300,6.71693200,10.88346700,11.00069100,11.17203400,11.74585300,14.46296300,14.87377900
67,0.33050600,3.48276800,4.91351900,5.85329900,6.03715500,6.66203800,6.72408100,10.85719700,10.93311100,11.17555000,11.65984100,14.45062600,14.97066600
68,0.33559000,3.35664700,4.99343100,5.85224100,6.03170700,6.73200100,6.76244800,10.82464700,10.86440500,11.17144800,11.58497100,14.44145300,15.06266600
69,0.34067500,3.23356700,5.06838100,5.84809500,6.02900800,6.74022500,6.86654600,10.76553800,10.81602200,11.15783900,11.52377100,14.43520800,15.14924300
70,0.34576000,3.11460600,5.13750500,5.84162800,6.02892300,6.74835500,6.97341100,10.68383300,10.78544900,11.13361900,11.47792400,14.43155000,15.22990900
71,0.35084400,3.00092700,5.20011400,5.83355900,6.03124400,6.75607200,7.08185900,10.59544700,10.75851100,11.09991800,11.44681900,14.43006800,15.30422000
72,0.35592900,2.89377900,5.25572300,5.82455200,6.03566600,6.76314600,7.19040500,10.50403600,10.73358900,11.06017200,11.42747900,14.43031100,15.37177500
73,0.36101400,2.79448600,5.30406700,5.81520200,6.04177200,6.76942600,7.29720600,10.41192300,10.71072600,11.01848500,11.41619300,14.43181900,15.43221600
74,0.36609800,2.70443800,5.34510000,5.80603500,6.04903200,6.77483000,7.40000700,10.32157400,10.69018800,10.97823100,11.40992400,14.43414300,15.48523100
75,0.37118300,2.62505000,5.37896400,5.79750700,6.05681500,6.77932700,7.49609700,10.23583700,10.67226300,10.94173700,11.40662300,14.43686800,15.53054800
76,0.37626800,2.55771600,5.40594400,5.79000500,6.06443800,6.78292900,7.58229600,10.15799000,10.65721200,10.91049900,11.40501700,14.43962500,15.56793600
77,0.38135300,2.50374600,5.42639900,5.78384200,6.07122200,6.78566700,7.65503700,10.09167700,10.64526200,10.88546900,11.40433100,14.44210200,15.59721000
78,0.38643700,2.46428300,5.44069400,5.77926500,6.07655700,6.78758300,7.71060100,10.04066700,10.63659300,10.86724100,11.40410200,14.44405200,15.61822300
79,0.39152200,2.44022200,5.44913500,5.77644900,6.07996400,6.78871400,7.74558900,10.00839900,10.63133800,10.85617500,11.40405800,14.44529400,15.63087300
80,0.39660700,2.43213600,5.45192500,5.77549800,6.08113400,6.78908800,7.75755100,9.99734100,10.62957700,10.85246600,11.40405800,14.44572000,15.63509600
81,0.39660700,2.43213600,5.45192500,5.77549800,6.08113400,6.78908800,7.75755100,9.99734100,10.62957700,10.85246600,11.40405800,14.44572000,15.63509600
82,0.40191800,2.43951400,5.44622300,5.77544500,6.07545100,6.79162900,7.74794800,9.99990500,10.63042200,10.85069700,11.40708100,14.45163700,15.63314500
83,0.40722900,2.46148800,5.42916400,5.77528500,6.05843000,6.79923700,7.71926900,10.00755300,10.63293000,10.84540200,11.41608300,14.46926300,15.62732500
84,0.41254000,2.49759100,5.40088900,5.77502100,6.03015000,6.81186600,7.67189900,10.02014900,10.63703300,10.83661200,11.43086000,14.49823800,15.61774400
85,0.41785000,2.54708800,5.36162600,5.77465800,5.99074200,6.82944200,7.60644500,10.03747400,10.64261900,10.82437900,11.45107600,14.53798500,15.60458200
86,0.42316100,2.60903600,5.31167600,5.77420000,5.94038300,6.85186300,7.52370500,10.05923800,10.64954500,10.80877500,11.47625500,14.58774900,15.58809700
87,0.42847200,2.68234600,5.25140300,5.77365400,5.87929300,6.87900300,7.42461200,10.08509400,10.65764400,10.78989500,11.50578700,14.64663700,15.56862500
88,0.43378300,2.76585000,5.18121700,5.77303000,5.80772500,6.91071000,7.31019300,10.11465100,10.66673300,10.76785000,11.53892200,14.71366500,15.54659300
89,0.43909400,2.85835100,5.10156300,5.72596700,5.77233600,6.94681800,7.18152100,10.14748700,10.67662400,10.74277300,11.57477400,14.78779800,15.52251200
90,0.44440500,2.95867100,5.01290300,5.63432500,5.77158400,6.98714200,7.03967700,10.18316900,10.68713000,10.71481300,11.61232200,14.86798600,15.49699400
91,0.44971600,3.06567700,4.91570600,5.53313000,5.77078300,6.88572400,7.03148700,10.22125800,10.68414000,10.69806800,11.65041100,14.95319500,15.47074300
92,0.45502700,3.17830100,4.81044000,5.42272200,5.76994800,6.72067800,7.07965000,10.26132200,10.65093700,10.70926600,11.68776800,15.04242700,15.44455800
93,0.46033800,3.29555100,4.69756300,5.30345400,5.76909000,6.54550100,7.13142600,10.30294300,10.61540700,10.72056600,11.72300900,15.13473700,15.41932400
94,0.46564900,3.41650900,4.57751900,5.17568200,5.76822200,6.36108900,7.18661100,10.34572300,10.57776500,10.73182300,11.75466900,15.22924000,15.39599700
95,0.47096000,3.54033000,4.45073100,5.03976800,5.76735800,6.16826900,7.24501000,10.38928700,10.53824100,10.74291300,11.78123400,15.32511700,15.37557100
96,0.47627100,3.66623600,4.31760600,4.89607300,5.76651100,5.96779600,7.30643500,10.43328500,10.49707800,10.75372300,11.80118900,15.35904400,15.42161800
97,0.48158200,3.79350500,4.17852800,4.74495800,5.76036000,5.76569200,7.37071600,10.45453000,10.47739200,10.76416200,11.81307700,15.34736400,15.51805500
98,0.48689300,3.92146600,4.03385900,4.58678400,5.54658600,5.76491300,7.43770100,10.41086200,10.52130900,10.77415300,11.81556200,15.34136800,15.61380500
99,0.49220400,3.88394300,4.04948700,4.42190700,5.32704000,5.76418600,7.50726300,10.36634800,10.56476400,10.78363600,11.80750600,15.34172000,15.70830300
100,0.49751500,3.72910700,4.17696600,4.25068200,5.10223500,5.76351900,7.57930100,10.32126700,10.60750800,10.79256500,11.78802700,15.34885400,15.80103800
101,0.50282600,3.56965900,4.07346000,4.30332400,4.87263200,5.76292100,7.65374400,10.27590600,10.64931300,10.80090800,11.75654500,15.36293000,15.89154900
102,0.50813700,3.40589200,3.89058800,4.42799500,4.63865000,5.76239800,7.73055400,10.23055600,10.68997500,10.80864700,11.71280800,15.38382200,15.97942200
103,0.51344800,3.23808500,3.70240900,4.40066800,4.55042200,5.76195500,7.80972800,10.18551000,10.72930800,10.81577400,11.65688800,15.41112000,16.06428100
104,0.51875900,3.06650700,3.50926300,4.15903200,4.67004800,5.76159400,7.89129600,10.14106200,10.76714400,10.82229000,11.58915000,15.44416500,16.14579200
105,0.52407000,2.89141500,3.31148400,3.91405600,4.78631600,5.76131600,7.97532500,10.09750500,10.80333100,10.82820700,11.51020500,15.48210000,16.22365000
106,0.52938000,2.71305700,3.10940300,3.66602900,4.89866200,5.76111900,8.06191000,10.05512800,10.83352100,10.83775400,11.42085800,15.52392700,16.29758500
107,0.53469100,2.53167500,2.90334300,3.41521800,5.00652000,5.76099900,8.15117500,10.01421700,10.83830600,10.87023900,11.32204700,15.56856500,16.36735300
108,0.54000200,2.34750300,2.69362500,3.16187200,5.10931700,5.76095100,8.24326400,9.97505000,10.84254600,10.90072200,11.21479700,15.61490200,16.43273600
109,0.54531300,2.16076900,2.48056300,2.90622300,5.20648400,5.76096700,8.33833600,9.93789400,10.84628200,10.92909200,11.10017200,15.66184000,16.49353900
110,0.55062400,1.97169900,2.26446400,2.64849100,5.29745400,5.76103900,8.43654600,9.90300900,10.84954800,10.95526300,10.97924800,15.70832600,16.54959000
111,0.55593500,1.78051400,2.04563000,2.38888500,5.38167700,5.76115400,8.53804000,9.87063800,10.85235900,10.85310600,10.97915700,15.75337500,16.60073400
112,0.56124600,1.58743100,1.82435700,2.12760900,5.45862100,5.76130200,8.64293400,9.84101000,10.72273700,10.85480100,11.00070800,15.79608800,16.64683800
113,0.56655700,1.39266600,1.60093500,1.86485700,5.52778600,5.76147100,8.75129600,9.81433800,10.58920400,10.85685300,11.01985500,15.83565400,16.68778200
114,0.57186800,1.19643200,1.37564700,1.60082000,5.58871400,5.76164800,8.86311900,9.79081300,10.45348300,10.85856400,11.03654800,15.87136300,16.72346500
115,0.57717900,0.99894200,1.14877100,1.33568700,5.64099100,5.76182200,8.97828200,9.77060600,10.31657200,10.85996100,11.05074500,15.90260100,16.75380100
116,0.58249000,0.80040600,0.92058100,1.06964100,5.68426200,5.76198100,9.09646500,9.75386500,10.17954500,10.86106800,11.06240800,15.92885200,16.77871800
117,0.58780100,0.60103500,0.69134600,0.80286700,5.71822900,5.76211600,9.21693900,9.74071500,10.04375800,10.86190700,11.07150900,15.94970000,16.79815700
118,0.59311200,0.40103800,0.46133000,0.53554700,5.74265900,5.76221800,9.33779300,9.73125000,9.91161300,10.86249400,11.07802500,15.96482000,16.81207400
119,0.59842300,0.20062300,0.23079400,0.26786500,5.75738400,5.76228200,9.45188600,9.72554400,9.79060400,10.86284200,11.08194100,15.97398400,16.82043700
120,0.60373400,0.00000000,0.00000000,0.00000000,5.76230400,5.76230400,9.51652500,9.72363700,9.72363700,10.86295700,11.08324800,15.97705300,16.82322600
121,0.60373400,0.00000000,0.00000000,0.00000000,5.76230400,5.76230400,9.51652500,9.72363700,9.72363700,11.08324800,11.08324800,15.97705300,16.81645900
122,0.60639000,0.10326800,0.10347500,0.17658200,5.76064800,5.76065400,9.51409600,9.72451400,9.72451700,11.08285700,11.08285800,15.97769700,16.81628900
123,0.60904600,0.20651300,0.20692500,0.35311700,5.75568500,5.75571000,9.50681500,9.72714300,9.72715400,11.08168500,11.08168900,15.97962400,16.81578000
124,0.61170300,0.30971100,0.31032800,0.52955600,5.74743000,5.74748700,9.49469600,9.73150700,9.73153100,11.07973300,11.07974100,15.98282300,16.81493100
125,0.61435900,0.41283800,0.41365800,0.70585300,5.73590900,5.73601000,9.47776100,9.73758200,9.73762400,11.07700100,11.07701600,15.98727500,16.81374000
126,0.61701500,0.51587000,0.51689200,0.88196000,5.72115600,5.72131300,9.45604400,9.74533400,9.74540000,11.07349100,11.07351500,15.99295300,16.81220700
127,0.61967200,0.61878400,0.62000500,1.05783000,5.70321400,5.70343800,9.42958500,9.75472100,9.75481500,11.06920500,11.06923900,15.99982500,16.81032800
128,0.62232800,0.72155600,0.72297300,1.23341400,5.68213400,5.68243700,9.39843200,9.76569400,9.76581900,11.06414500,11.06419100,16.00785200,16.80810300
129,0.62498400,0.82416300,0.82577300,1.40866500,5.65797600,5.65836700,9.36264200,9.77819500,9.77835400,11.05831400,11.05837400,16.01698800,16.80552700
130,0.62764100,0.92658000,0.92838000,1.58353500,5.63080300,5.63129200,9.32227800,9.79216000,9.79235700,11.05171400,11.05179000,16.02718300,16.80259700
131,0.63029700,1.02878500,1.03076900,1.75797700,5.60068600,5.60128200,9.27740900,9.80752200,9.80775900,11.04435000,11.04444300,16.03838200,16.79931100
132,0.63295300,1.13075200,1.13291700,1.93194200,5.56770000,5.56841000,9.22810900,9.82420800,9.82448800,11.03622600,11.03633800,16.05052700,16.79566300
133,0.63561000,1.23245800,1.23479900,2.10538200,5.53192100,5.53275400,9.17445700,9.84214200,9.84246600,11.02734600,11.02747800,16.06355700,16.79165100
134,0.63826600,1.33388000,1.33639000,2.27824800,5.49343100,5.49439300,9.11653800,9.86124700,9.86161500,11.01771500,11.01786900,16.07740700,16.78726800
135,0.64092200,1.43499300,1.43766700,2.45049300,5.45231200,5.45340700,9.05443600,9.88144200,9.88185500,11.00733800,11.00751500,16.09201100,16.78251100
136,0.64357900,1.53577200,1.53860500,2.62206800,5.40864700,5.40988000,8.98824200,9.90264800,9.90310600,10.99622100,10.99642300,16.10730400,16.77737500
137,0.64623500,1.63619500,1.63917900,2.79292300,5.36251800,5.36389400,8.91804700,9.92478300,9.92528600,10.98437100,10.98459900,16.12321800,16.77185400
138,0.64889100,1.73623500,1.73936400,2.96301000,5.31400900,5.31553000,8.84394300,9.94776900,9.94831600,10.97179500,10.97204900,16.13968500,16.76594300
139,0.65154800,1.83587000,1.83913600,3.13228000,5.26320100,5.26487000,8.76602300,9.97152600,9.97211500,10.95849900,10.95878100,16.15664000,16.75963800
140,0.65420400,1.93507400,1.93847000,3.30068200,5.21017500,5.21199300,8.68438200,9.99597800,9.99660700,10.94449200,10.94480300,16.17401700,16.75293200
141,0.65686000,2.03382200,2.03734100,3.46816700,5.15501000,5.15697800,8.59911400,10.02104800,10.02171600,10.92978300,10.93012400,16.19175100,16.74582000
142,0.65951700,2.13208900,2.13572300,3.63468500,5.09778200,5.09990000,8.51031300,10.04666400,10.04736900,10.91438100,10.91475100,16.20978100,16.73829700
143,0.66217300,2.22985100,2.23359000,3.80018600,5.03856700,5.04083400,8.41807000,10.07275500,10.07349400,10.89829400,10.89869500,16.22804600,16.73035900
144,0.66482900,2.32708100,2.33091800,3.96461800,4.97743500,4.97985000,8.32247800,10.09925300,10.10002300,10.88153400,10.88196700,16.24649000,16.72200000
145,0.66748600,2.42375500,2.42768100,4.12793000,4.91445800,4.91701900,8.22362800,10.12609100,10.12689000,10.86411200,10.86457600,16.26505500,16.71321600
146,0.67014200,2.51984500,2.52385100,4.29007000,4.84970200,4.85240600,8.12160900,10.15320800,10.15403200,10.84603900,10.84653400,16.28369100,16.70400300
147,0.67279800,2.61532600,2.61940300,4.45098600,4.78323300,4.78607700,8.01650900,10.18054300,10.18139000,10.82732700,10.82785400,16.30234600,16.69435600
148,0.67545500,2.71017100,2.71431000,4.61062600,4.71511200,4.71809100,7.90841300,10.20803900,10.20890500,10.80799000,10.80854800,16.32097500,16.68427400
149,0.67811100,2.80435400,2.80854500,4.64539800,4.64851000,4.76893700,7.79740800,10.23564000,10.23652300,10.78804100,10.78863000,16.33953200,16.67375200
150,0.68076700,2.89784500,2.90208000,4.57415100,4.57739000,4.92586400,7.68357500,10.26329600,10.26419200,10.76749600,10.76811500,16.35797700,16.66279000
151,0.68342400,2.99061900,2.99488800,4.50142300,4.50478400,5.08135200,7.56699500,10.29095600,10.29186200,10.74636900,10.74701800,16.37627100,16.65138600
152,0.68608000,3.08264500,3.08693900,4.42726900,4.43074600,5.23534800,7.44774700,10.31857400,10.31948700,10.72467700,10.72535600,16.39437900,16.63953900
153,0.68873600,3.17389500,3.17820400,4.35173800,4.35532500,5.38779500,7.32591000,10.34610500,10.34702200,10.70243800,10.70314500,16.41226800,16.62725100
154,0.69139300,3.26434000,3.26865400,4.27488000,4.27857000,5.53863600,7.20155800,10.37350800,10.37442500,10.67967000,10.68040400,16.42990800,16.61452200
155,0.69404900,3.35394900,3.35825900,4.19674000,4.20052700,5.68781400,7.07476600,10.40074100,10.40165600,10.65639200,10.65715200,16.44727200,16.60135600
156,0.69670500,3.44269000,3.44698800,4.11736400,4.12124000,5.83527100,6.94560600,10.42776800,10.42867800,10.63262500,10.63341000,16.46433400,16.58775700
157,0.69936200,3.53053200,3.53480800,4.03679400,4.04075200,5.98094700,6.81415000,10.45455200,10.45545500,10.60839100,10.60919800,16.48107200,16.57373000
158,0.70201800,3.61744200,3.62168700,3.95507200,3.95910500,6.12478200,6.68046500,10.48106000,10.48195200,10.58371200,10.58454100,16.49746600,16.55928100
159,0.70467400,3.70338700,3.70759200,3.87223900,3.87633700,6.26671400,6.54462000,10.50725900,10.50813900,10.55861300,10.55946100,16.51349900,16.54442000
160,0.70733100,3.78832400,3.78833800,3.79248000,3.79249300,6.40666000,6.40670200,10.53310100,10.53313900,10.53396600,10.53400300,16.52907500,16.52923500
161,0.70733100,3.78832400,3.78833800,3.79248000,3.79249300,6.40666000,6.40670200,10.53310100,10.53313900,10.53396600,10.53400300,16.52907500,16.52923500
162,0.71241500,3.67568400,3.72759600,3.85763500,3.90795200,6.35826400,6.45531000,10.50774200,10.52675100,10.54389900,10.55854500,16.51825200,16.53581600
163,0.71750000,3.56821500,3.66593300,3.92651600,4.02997800,6.31050800,6.50371000,10.48081000,10.52426100,10.55820500,10.58178800,16.50349000,16.53787600
164,0.72258500,3.46839500,3.60615200,3.99840200,4.15425200,6.26386600,6.55145900,10.45330000,10.52589600,10.57600300,10.60322800,16.48526600,16.53501800
165,0.72766900,3.37768400,3.54804300,4.07360600,4.27957800,6.21878900,6.59815000,10.42557300,10.53158000,10.59699100,10.62261300,16.46397600,16.52697700
166,0.73275400,3.29752200,3.49142100,4.15244600,4.40483300,6.17571100,6.64339700,10.39801100,10.54111500,10.62085700,10.63972000,16.44000900,16.51355000
167,0.73783900,3.22929300,3.43612700,4.23523100,4.52896400,6.13503700,6.68683500,10.37101100,10.55418900,10.64729000,10.65434800,16.41373500,16.49460700
168,0.74292400,3.17426200,3.38202600,4.32224600,4.65098400,6.09713400,6.72812300,10.34498400,10.57038200,10.66632400,10.67599600,16.38550400,16.47009300
169,0.74800800,3.13351500,3.32901100,4.41374200,4.76997300,6.06231400,6.76694600,10.32034600,10.58917600,10.67550700,10.70670500,16.35564100,16.44003300
170,0.75309300,3.10789400,3.27699300,4.50992300,4.88507400,6.03082700,6.80302100,10.29751900,10.60996500,10.68180300,10.73917300,16.32444300,16.40452400
171,0.75817800,3.09794600,3.22590500,4.61093600,4.99550200,6.00285700,6.83610000,10.27691300,10.63201600,10.68522800,10.77318200,16.29218300,16.36373500
172,0.76326200,3.10387900,3.17570000,4.71686000,5.10054000,5.97851500,6.86597500,10.25892600,10.65415200,10.68624300,10.80853400,16.25911100,16.31789600
173,0.76834700,3.12554600,3.12634500,4.82770300,5.19955300,5.95784500,6.89248300,10.24392600,10.67120300,10.68933300,10.84504900,16.22545200,16.26729100
174,0.77343200,3.07782400,3.16245900,4.94339300,5.29198800,5.94082900,6.91550900,10.23224500,10.67072900,10.70629800,10.88255700,16.19141700,16.21224900
175,0.77851600,3.03013700,3.21382400,5.06377300,5.37738800,5.92739500,6.93498700,10.22416100,10.66183300,10.72745800,10.92089200,16.15313400,16.15719600
176,0.78360100,2.98329500,3.27858600,5.18860000,5.45539900,5.91743400,6.95090600,10.21988800,10.64884300,10.74797800,10.95988700,16.09034400,16.12296500
177,0.78868600,2.93732400,3.35550000,5.31752100,5.52577700,5.91082600,6.96330500,10.21956500,10.63233200,10.76685700,10.99936900,16.02429400,16.08889200
178,0.79377100,2.89226200,3.44318900,5.45003600,5.58839600,5.90750200,6.97227500,10.22324600,10.61248500,10.78356500,11.03916000,15.95542300,16.05513300
179,0.79885500,2.84815700,3.54020100,5.58532000,5.64325200,5.90762100,6.97795600,10.23089500,10.58943100,10.79771600,11.07906900,15.88418500,16.02183400
180,0.80394000,2.80506900,3.64505800,5.69045900,5.72132200,5.91249300,6.98052900,10.24238000,10.56330600,10.80900200,11.11890000,15.81104900,15.98913500
181,0.80902500,2.76306800,3.75628900,5.73025000,5.84557600,5.93377300,6.98021700,10.25748200,10.53426700,10.81717700,11.15844800,15.73649800,15.95717100
182,0.81410900,2.72223400,3.87245700,5.76296300,5.89765400,6.03101900,6.97727400,10.27589500,10.50250700,10.82205300,11.19750100,15.66103000,15.92606800
183,0.81919400,2.68265600,3.99216800,5.78903300,5.91157100,6.16929400,6.97198500,10.29723700,10.46825000,10.82349400,11.23584700,15.58515600,15.89594700
184,0.82427900,2.64443100,4.11408000,5.80897700,5.92183600,6.31311900,6.96465300,10.32106600,10.43176500,10.82141900,11.27327100,15.50940300,15.86692600
185,0.82936300,2.60766400,4.23690300,5.82337200,5.93193100,6.45799200,6.95559900,10.34689200,10.39336100,10.81579900,11.30956200,15.43430900,15.83911300
186,0.83444800,2.57246700,4.35939100,5.83284500,5.94233000,6.60237400,6.94515300,10.35339500,10.37419200,10.80666500,11.34451600,15.36042600,15.81261300
187,0.83953300,2.53895500,4.48034200,5.83804700,5.95301700,6.74516700,6.93364800,10.31227300,10.40242800,10.79411600,11.37793300,15.28831700,15.78752300
188,0.84461800,2.50725200,4.59858400,5.83964500,5.96384600,6.88534500,6.92141600,10.27045400,10.43105900,10.77832500,11.40962800,15.21854900,15.76393400
189,0.84970200,2.47747900,4.71297200,5.83830000,5.97463800,6.90878400,7.02186000,10.22844700,10.45955200,10.75955600,11.43942500,15.15169600,15.74193000
190,0.85478700,2.44976100,4.82238500,5.83465500,5.98520300,6.89606600,7.15359800,10.18681500,10.48739700,10.73817500,11.46716100,15.08832300,15.72158900
191,0.85987200,2.42422400,4.92572000,5.82933000,5.99536000,6.88356500,7.27936600,10.14616600,10.51411200,10.71466600,11.49269000,15.02898900,15.70298100
192,0.86495600,2.40098800,5.02189300,5.82290300,6.00493600,6.87156200,7.39787800,10.10715200,10.53925000,10.68964500,11.51587700,14.97423200,15.68616800
193,0.87004100,2.38016900,5.10984700,5.81590900,6.01377300,6.86032000,7.50775100,10.07045600,10.56240300,10.66386900,11.53660600,14.92456500,15.67120600
194,0.87512600,2.36187800,5.18856500,5.80883300,6.02172800,6.85007400,7.60751200,10.03677600,10.58321100,10.63823700,11.55477200,14.88046500,15.65814300
195,0.88021000,2.34621500,5.25708200,5.80210100,6.02867700,6.84103700,7.69562400,10.00680600,10.60135600,10.61377100,11.57028900,14.84236500,15.64702200
196,0.88529500,2.33327000,5.31451100,5.79608300,6.03451100,6.83338800,7.77052600,9.98121000,10.59158100,10.61657000,11.58308300,14.81064600,15.63787600
197,0.89038000,2.32311900,5.36006800,5.79108100,6.03914200,6.82728000,7.83071100,9.96059300,10.57279800,10.62863100,11.59309400,14.78563000,15.63073500
198,0.89546500,2.31582300,5.39310300,5.78733700,6.04250000,6.82283100,7.87482100,9.94546700,10.55847900,10.63736900,11.60027700,14.76757300,15.62561800
199,0.90054900,2.31142700,5.41312700,5.78502100,6.04453500,6.82012700,7.90176400,9.93622700,10.54949900,10.64266100,11.60460000,14.75666400,15.62254200
200,0.90563400,2.30995900,5.41983600,5.78423700,6.04521700,6.81921900,7.91082800,9.93311800,10.54643800,10.64443300,11.60604300,14.75301500,15.62151600
201,0.90563400,2.30995900,5.41983600,5.78423700,6.04521700,6.81921900,7.91082800,9.93311800,10.54643800,10.64443300,11.60604300,14.75301500,15.62151600
202,0.91094500,2.31767400,5.41402300,5.78418500,6.03948700,6.82172700,7.90123100,9.93587300,10.54746100,10.64298600,11.60876200,14.75876000,15.61949700
203,0.91625600,2.34063900,5.39663500,5.78402800,6.02232500,6.82923300,7.87256500,9.94408400,10.55050500,10.63865300,11.61685400,14.77587700,15.61347800
204,0.92156700,2.37833600,5.36782900,5.78376800,5.99382300,6.84169300,7.82519200,9.95760100,10.55549300,10.63146000,11.63012100,14.80402100,15.60357500
205,0.92687800,2.42995000,5.32785400,5.78340800,5.95412600,6.85903600,7.75968900,9.97618100,10.56230400,10.62144800,11.64823300,14.84264500,15.58998100
206,0.93218900,2.49444500,5.27704100,5.78295200,5.90343100,6.88115900,7.67681200,9.99950500,10.57077900,10.60867800,11.67072400,14.89102500,15.57297100
207,0.93750000,2.57063700,5.21579000,5.78240600,5.84198100,6.90793800,7.57744900,10.02718700,10.58073200,10.59322300,11.69699400,14.94830900,15.55291000
208,0.94281100,2.65726600,5.14454900,5.77005700,5.78177500,6.93922500,7.46258300,10.05879900,10.57517700,10.59195800,11.72630400,15.01355100,15.53025000
209,0.94812200,2.75306200,5.06379800,5.68797000,5.78106600,6.97485500,7.33324200,10.09388200,10.55464800,10.60424300,11.75778100,15.08575500,15.50554200
210,0.95343300,2.85678400,4.97403800,5.59605700,5.78028800,7.01464400,7.19046900,10.13196200,10.53175800,10.61736900,11.79041100,15.16390800,15.47943500
211,0.95874400,2.96725500,4.87577400,5.49467000,5.77944800,7.03529300,7.05840000,10.17256600,10.50664800,10.63112500,11.82305200,15.24700900,15.45268100
212,0.96405400,3.08338000,4.76950700,5.38417400,5.77855700,6.86870500,7.10592100,10.21522700,10.47946800,10.64530900,11.85443900,15.33408800,15.42612500
213,0.96936500,3.20414800,4.65572400,5.26494000,5.77762400,6.69164600,7.15700200,10.25949900,10.45038700,10.65973000,11.88319900,15.40070200,15.42422600
214,0.97467600,3.32863600,4.53489400,5.13734100,5.77665900,6.50499900,7.21143900,10.30495600,10.41958100,10.67421600,11.90788400,15.37741200,15.51655700
215,0.97998700,3.45600100,4.40746500,5.00175000,5.77567200,6.30958100,7.26903600,10.35119900,10.38724200,10.68861100,11.92700200,15.35728600,15.61028200
216,0.98529800,3.58547000,4.27386100,4.85853600,5.77467300,6.10615000,7.32960500,10.35357100,10.39785800,10.70277600,11.93907300,15.34134600,15.70466200
217,0.99060900,3.71633400,4.13448100,4.70806600,5.77367300,5.89539500,7.39297200,10.31877600,10.44459000,10.71659400,11.94269300,15.33054800,15.79902300
218,0.99592000,3.84793400,3.98970200,4.55069900,5.67795100,5.77268200,7.45898300,10.28307800,10.49108300,10.72996400,11.93659900,15.32571100,15.89275100
219,1.00123100,3.83987700,3.97964900,4.38678900,5.45439500,5.77170800,7.52750800,10.24670000,10.53704900,10.74280300,11.91974500,15.32746100,15.98528800
220,1.00654200,3.68533900,4.11089100,4.21668300,5.22525300,5.77076000,7.59844300,10.20987500,10.58222800,10.75504600,11.89135700,15.33617000,16.07612900
221,1.01185300,3.52640000,4.04072300,4.24108900,4.99100600,5.76984700,7.67171400,10.17283700,10.62638500,10.76664200,11.85097800,15.35192700,16.16482000
222,1.01716400,3.36335600,3.85924400,4.36968500,4.75209100,5.76897500,7.74728200,10.13582600,10.66930500,10.77755500,11.79847600,15.37452200,16.25094900
223,1.02247500,3.19648800,3.67257400,4.49612400,4.50891000,5.76815100,7.82514300,10.09908100,10.71079600,10.78776300,11.73403700,15.40347000,16.33414500
224,1.02778600,3.02606100,3.48103800,4.26183100,4.61984700,5.76737900,7.90533000,10.06284300,10.75068100,10.79725600,11.65812000,15.43805000,16.41407500
225,1.03309700,2.85233000,3.28495100,4.01119400,4.74029000,5.76666300,7.98791500,10.02735100,10.78878000,10.80605600,11.57141200,15.47735700,16.49044000
226,1.03840800,2.67553800,3.08462800,3.75731200,4.85687400,5.76600600,8.07300200,9.99284000,10.81394700,10.82517300,11.47476700,15.52036400,16.56296900
227,1.04371900,2.49591900,2.88037500,3.50047600,4.96900900,5.76541000,8.16073100,9.95954100,10.82135300,10.85932500,11.36915300,15.56598300,16.63142100
228,1.04903000,2.31370000,2.67249700,3.24095800,5.07609300,5.76487500,8.25126400,9.92767900,10.82801700,10.89139700,11.25560400,15.61310600,16.69558000
229,1.05434100,2.12910100,2.46129000,2.97901300,5.17751700,5.76439900,8.34478500,9.89747200,10.83400900,10.92124100,11.13518000,15.66065100,16.75525300
230,1.05965200,1.94233500,2.24705000,2.71488400,5.27266900,5.76398200,8.44148000,9.86912500,10.83935700,10.94876300,11.00894600,15.70758800,16.81026700
231,1.06496300,1.75361100,2.03006700,2.44879900,5.36094300,5.76362100,8.54153100,9.84283600,10.84409000,10.87794700,10.97388500,15.75295600,16.86047000
232,1.07027400,1.56313600,1.81062700,2.18097700,5.44174700,5.76331300,8.64509300,9.81878700,10.74320400,10.84823400,10.99653700,15.79588100,16.90572900
233,1.07558400,1.37111000,1.58901300,1.91162900,5.51452100,5.76305300,8.75227600,9.79714700,10.60571200,10.85181600,11.01665900,15.83557800,16.94592600
234,1.08089500,1.17773200,1.36550500,1.64095900,5.57873800,5.76283900,8.86311500,9.77806900,10.46644700,10.85486300,11.03419800,15.87135900,16.98096000
235,1.08620600,0.98320000,1.14038000,1.36916500,5.63392400,5.76266600,8.97753100,9.76168900,10.32639200,10.85739600,11.04911200,15.90262800,17.01074600
236,1.09151700,0.78770800,0.91391000,1.09644000,5.67966400,5.76253000,9.09524200,9.74812300,10.18661000,10.85943800,11.06136200,15.92888500,17.03521100
237,1.09682800,0.59145000,0.68636800,0.82297500,5.71560900,5.76242900,9.21555400,9.73746800,10.04844600,10.86100700,11.07092000,15.94972500,17.05429900
238,1.10213900,0.39461800,0.45802400,0.54895600,5.74148400,5.76235900,9.33659200,9.72980300,9.91428800,10.86211700,11.07776300,15.96483300,17.06796400
239,1.10745000,0.19740500,0.22914500,0.27457000,5.75708900,5.76231700,9.45125000,9.72518100,9.79160900,10.86277900,11.08187600,15.97398700,17.07617600
240,1.11276100,0.00000000,0.00000000,0.00000000,5.76230400,5.76230400,9.51652500,9.72363700,9.72363700,10.86299900,11.08324800,15.97705300,17.07891600
